,Unnamed: 0,surname,ethnicity
275,359,aafjes,dutch
276,360,aaij,dutch
277,361,aakster,dutch
278,362,aaldenberg,dutch
279,363,aalders,dutch
280,364,aalfs,dutch
281,365,aalmers,dutch
282,366,aaltink,dutch
283,367,aarden,dutch
284,368,aarens,dutch
285,369,aarle,dutch
286,370,aarse,dutch
287,371,aarts,dutch
288,372,aartsen,dutch
289,373,abbes,dutch
290,374,abbing,dutch
291,375,abbingh,dutch
292,376,abbink,dutch
293,377,abelen,dutch
294,378,abels,dutch
295,379,aben,dutch
296,380,abspoel,dutch
297,381,achterkamp,dutch
298,382,achterop,dutch
299,383,achthoven,dutch
300,384,addens,dutch
301,385,addicks,dutch
302,386,admiraal,dutch
303,387,adolfs,dutch
304,388,adriaans,dutch
305,389,adriaansen,dutch
306,390,adrichem,dutch
307,391,aerssens,dutch
308,392,agthoven,dutch
309,393,akker,dutch
310,394,akkerman,dutch
311,395,akkermans,dutch
312,396,akkersdijk,dutch
313,397,alberda,dutch
314,398,alberdingk,dutch
315,399,alberink,dutch
316,400,albers,dutch
317,401,albring,dutch
318,402,albronda,dutch
319,403,aldenberg,dutch
320,404,aldenkamp,dutch
321,405,alderliesten,dutch
322,406,alders,dutch
323,407,aldershof,dutch
324,408,alferink,dutch
325,409,alfons,dutch
326,410,aling,dutch
327,411,alink,dutch
328,412,alles,dutch
329,413,altena,dutch
330,414,althuis,dutch
331,415,alting,dutch
332,416,altink,dutch
333,417,amsing,dutch
334,418,ananias,dutch
335,419,andela,dutch
336,420,andries,dutch
337,421,andriessen,dutch
338,422,andringa,dutch
339,423,angenent,dutch
340,424,anholts,dutch
341,425,annevelink,dutch
342,426,antonise,dutch
343,427,apeldoorn,dutch
344,428,appeldoorn,dutch
345,429,appelhof,dutch
346,430,appelo,dutch
347,431,apperlo,dutch
348,432,arbeid,dutch
349,433,arbeider,dutch
350,434,arendonk,dutch
351,435,arends,dutch
352,436,arendsen,dutch
353,437,arents,dutch
354,438,arentz,dutch
355,439,ariesen,dutch
356,440,arissen,dutch
357,441,arkes,dutch
358,442,arntz,dutch
359,443,arntzen,dutch
360,444,arntzenius,dutch
361,445,arts,dutch
362,446,artz,dutch
363,447,arzt,dutch
364,448,asjes,dutch
365,449,askes,dutch
366,450,asselman,dutch
367,451,assenberg,dutch
368,452,assendorp,dutch
369,453,assies,dutch
370,454,assink,dutch
371,455,aukes,dutch
372,456,averesch,dutch
373,457,aveskamp,dutch
374,458,baaiman,dutch
375,459,baak,dutch
376,460,baanders,dutch
377,461,baar,dutch
378,462,baardwijk,dutch
379,463,baars,dutch
380,464,baart,dutch
381,465,baas,dutch
382,466,bakhuizen,dutch
383,467,bakker,dutch
384,468,barends,dutch
385,469,beulen,dutch
386,470,beulens,dutch
387,471,beumer,dutch
388,472,beumers,dutch
389,473,bezuidenhout,dutch
390,474,boelens,dutch
391,475,boels,dutch
392,476,boer,dutch
393,477,boerefijn,dutch
394,478,borst,dutch
395,479,both,dutch
396,480,bothe,dutch
397,481,bouwmeester,dutch
398,482,braam,dutch
399,483,bul,dutch
400,484,bulle,dutch
401,485,bullens,dutch
402,486,bunschoten,dutch
403,487,ceelen,dutch
404,488,claasen,dutch
405,489,claes,dutch
406,490,cloet,dutch
407,491,coeman,dutch
408,492,coemans,dutch
409,493,coenen,dutch
410,494,colijn,dutch
411,495,coolen,dutch
412,496,coumans,dutch
413,497,crusan,dutch
414,498,cruyssen,dutch
415,499,cuijper,dutch
416,500,cuijpers,dutch
417,501,cuyper,dutch
418,502,cuypers,dutch
419,503,daalman,dutch
420,504,daalmans,dutch
421,505,daelman,dutch
422,506,daelmans,dutch
423,507,dahlmans,dutch
424,508,de cloet,dutch
425,509,de groot,dutch
426,510,de haven,dutch
427,511,de jonker,dutch
428,512,de klerk,dutch
429,513,de kloet,dutch
430,514,de lang,dutch
431,515,de lange,dutch
432,516,de smet,dutch
433,517,de snaijer,dutch
434,518,de veen,dutch
435,519,de ven,dutch
436,520,de vries,dutch
437,521,de vroom,dutch
438,522,de vroome,dutch
439,523,de wit,dutch
440,524,de with,dutch
441,525,de witt,dutch
442,526,de witte,dutch
443,527,dierickx,dutch
444,528,dirchs,dutch
445,529,dircks,dutch
446,530,dircksens,dutch
447,531,dirckx,dutch
448,532,dirix,dutch
449,533,dirkse,dutch
450,534,dirkx,dutch
451,535,drees,dutch
452,536,dreesen,dutch
453,537,dreesens,dutch
454,538,dreessen,dutch
455,539,dries,dutch
456,540,driessen,dutch
457,541,eerkens,dutch
458,542,eikenboom,dutch
459,543,elzinga,dutch
460,544,erckens,dutch
461,545,erkens,dutch
462,546,evers,dutch
463,547,flipse,dutch
464,548,flipsen,dutch
465,549,fortuin,dutch
466,550,fortuyn,dutch
467,551,geelen,dutch
468,552,geels,dutch
469,553,gelens,dutch
470,554,goossens,dutch
471,555,haak,dutch
472,556,haanraads,dutch
473,557,haanraadts,dutch
474,558,haanraats,dutch
475,559,haenraets,dutch
476,560,hanraets,dutch
477,561,haumann,dutch
478,562,heeren,dutch
479,563,heijman,dutch
480,564,heijmans,dutch
481,565,heiman,dutch
482,566,heimans,dutch
483,567,hendriks,dutch
484,568,hendrikx,dutch
485,569,hendrix,dutch
486,570,hermans,dutch
487,571,heyman,dutch
488,572,heymans,dutch
489,573,hoedemaeker,dutch
490,574,hoedemaekers,dutch
491,575,hoedemaker,dutch
492,576,hoedemakers,dutch
493,577,hofwegen,dutch
494,578,holtman,dutch
495,579,houben,dutch
496,580,houtkooper,dutch
497,581,houtman,dutch
498,582,jacobse,dutch
499,583,jansens,dutch
500,584,jansing,dutch
501,585,jansingh,dutch
502,586,jansink,dutch
503,587,janssen,dutch
504,588,janssens,dutch
505,589,janzen,dutch
506,590,jonckers,dutch
507,591,jonker,dutch
508,592,jonkers,dutch
509,593,jonkheer,dutch
510,594,joossens,dutch
511,595,joosten,dutch
512,596,kikkert,dutch
513,597,klaasen,dutch
514,598,klerk,dutch
515,599,klerken,dutch
516,600,klerks,dutch
517,601,klerkse,dutch
518,602,klerkx,dutch
519,603,klerx,dutch
520,604,kloet,dutch
521,605,kloeten,dutch
522,606,koeman,dutch
523,607,koemans,dutch
524,608,kolen,dutch
525,609,kolijn,dutch
526,610,kollen,dutch
527,611,koning,dutch
528,612,kool,dutch
529,613,koole,dutch
530,614,koolen,dutch
531,615,kools,dutch
532,616,koopman,dutch
533,617,koumans,dutch
534,618,krusen,dutch
535,619,kuijpers,dutch
536,620,kuiper,dutch
537,621,kuipers,dutch
538,622,langbroek,dutch
539,623,lauwens,dutch
540,624,lauwers,dutch
541,625,leeuwenhoek,dutch
542,626,lucassen,dutch
543,627,maes,dutch
544,628,maessen,dutch
545,629,martens,dutch
546,630,meeuwe,dutch
547,631,meeuwes,dutch
548,632,meeuwessen,dutch
549,633,meeuweszen,dutch
550,634,meeuwis,dutch
551,635,meeuwissen,dutch
552,636,meeuwsen,dutch
553,637,merckx,dutch
554,638,michiels,dutch
555,639,mooren,dutch
556,640,mulder,dutch
557,641,muyskens,dutch
558,642,nelissen,dutch
559,643,nifterick,dutch
560,644,nifterik,dutch
561,645,niftrik,dutch
562,646,offermans,dutch
563,647,ogtrop,dutch
564,648,oomen,dutch
565,649,oorschot,dutch
566,650,otten,dutch
567,651,pander,dutch
568,652,panders,dutch
569,653,paulissen,dutch
570,654,pauwels,dutch
571,655,peerenboom,dutch
572,656,peeters,dutch
573,657,penders,dutch
574,658,pennders,dutch
575,659,penner,dutch
576,660,penners,dutch
577,661,peusen,dutch
578,662,prinsen,dutch
579,663,rademakers,dutch
580,664,ramaaker,dutch
581,665,ramaker,dutch
582,666,ramakers,dutch
583,667,ramecker,dutch
584,668,rameckers,dutch
585,669,reijnder,dutch
586,670,reijnders,dutch
587,671,reinder,dutch
588,672,reinders,dutch
589,673,reynder,dutch
590,674,reynders,dutch
591,675,rietveld,dutch
592,676,rijnder,dutch
593,677,rijnders,dutch
594,678,oggeveen,dutch
595,679,roijacker,dutch
596,680,roijackers,dutch
597,681,roijakker,dutch
598,682,roijakkers,dutch
599,683,romeijn,dutch
600,684,romeijnders,dutch
601,685,romeijnsen,dutch
602,686,romijn,dutch
603,687,romijnders,dutch
604,688,romijnsen,dutch
605,689,rompa,dutch
606,690,rooiakker,dutch
607,691,rooiakkers,dutch
608,692,rooijakker,dutch
609,693,rooijakkers,dutch
610,694,roosa,dutch
611,695,roosevelt,dutch
612,696,rutten,dutch
613,697,ryskamp,dutch
614,698,schneiders,dutch
615,699,schneijder,dutch
616,700,schoonenburg,dutch
617,701,schoonraad,dutch
618,702,schoorel,dutch
619,703,schoorl,dutch
620,704,schorel,dutch
621,705,schrijnemakers,dutch
622,706,schuyler,dutch
623,707,schwarzenberg,dutch
624,708,seegers,dutch
625,709,seelen,dutch
626,710,segers,dutch
627,711,seghers,dutch
628,712,severijns,dutch
629,713,severins,dutch
630,714,sevriens,dutch
631,715,simonis,dutch
632,716,slootmaekers,dutch
633,717,smeets,dutch
634,718,smets,dutch
635,719,smit,dutch
636,720,smits,dutch
637,721,snaaijer,dutch
638,722,snaijer,dutch
639,723,sneiders,dutch
640,724,sneijder,dutch
641,725,sneijders,dutch
642,726,sneijer,dutch
643,727,sneijers,dutch
644,728,snell,dutch
645,729,snijder,dutch
646,730,snijders,dutch
647,731,spijker,dutch
648,732,ter avest,dutch
649,733,teunissen,dutch
650,734,theunissen,dutch
651,735,tillens,dutch
652,736,van aalsburg,dutch
653,737,van aalst,dutch
654,738,van aarle,dutch
655,739,van achteren,dutch
656,740,van achthoven,dutch
657,741,van adrichem,dutch
658,742,van aggelen,dutch
659,743,van agteren,dutch
660,744,van agthoven,dutch
661,745,van akkeren,dutch
662,746,van aller,dutch
663,747,van alphen,dutch
664,748,van alst,dutch
665,749,van altena,dutch
666,750,van althuis,dutch
667,751,van amelsvoort,dutch
668,752,van amersvoort,dutch
669,753,van amstel,dutch
670,754,van andel,dutch
671,755,van ankeren,dutch
672,756,van antwerp,dutch
673,757,van antwerpen,dutch
674,758,van apeldoorn,dutch
675,759,van arendonk,dutch
676,760,van as,dutch
677,761,van asch,dutch
678,762,van assen,dutch
679,763,van baarle,dutch
680,764,van bokhoven,dutch
681,765,van breda,dutch
682,766,van bueren,dutch
683,767,van buggenum,dutch
684,768,van buren,dutch
685,769,van can,dutch
686,770,van cann,dutch
687,771,van daal,dutch
688,772,van daalen,dutch
689,773,van dael,dutch
690,774,van daele,dutch
691,775,van dale,dutch
692,776,vandale,dutch
693,777,van dalen,dutch
694,778,van de laar,dutch
695,779,van den akker,dutch
696,780,van den andel,dutch
697,781,van der aart,dutch
698,782,van der beek,dutch
699,783,van der berg,dutch
700,784,van der hout,dutch
701,785,van der laar,dutch
702,786,van der stoep,dutch
703,787,van der veen,dutch
704,788,van der ven,dutch
705,789,van der venne,dutch
706,790,van der vennen,dutch
707,791,van der zee,dutch
708,792,van de vliert,dutch
709,793,van donk,dutch
710,794,vandroogenbroeck,dutch
711,795,van hassel,dutch
712,796,van hautum,dutch
713,797,van heel,dutch
714,798,van herten,dutch
715,799,van hofwegen,dutch
716,800,van hoorn,dutch
717,801,van horn,dutch
718,802,van hout,dutch
719,803,van houte,dutch
720,804,van houtem,dutch
721,805,van houten,dutch
722,806,van houttum,dutch
723,807,van houtum,dutch
724,808,van kan,dutch
725,809,van kann,dutch
726,810,van laar,dutch
727,811,van laren,dutch
728,812,van leeuwenhoek,dutch
729,813,van middelburg,dutch
730,814,van nifterick,dutch
731,815,van nifterik,dutch
732,816,van niftrik,dutch
733,817,van ogtrop,dutch
734,818,van oirschot,dutch
735,819,van oorschot,dutch
736,820,van ophoven,dutch
737,821,van peij,dutch
738,822,van pey,dutch
739,823,van rompa,dutch
740,824,van rompaey,dutch
741,825,van rompay,dutch
742,826,van rompaye,dutch
743,827,van rompu,dutch
744,828,van rompuy,dutch
745,829,van rossem,dutch
746,830,van rossum,dutch
747,831,van schoorl,dutch
748,832,van 't hout,dutch
749,833,van tonder,dutch
750,834,van veen,dutch
751,835,van veenen,dutch
752,836,van wegberg,dutch
753,837,van wieren,dutch
754,838,van willigen,dutch
755,839,venner,dutch
756,840,verboom,dutch
757,841,vergoossen,dutch
758,842,verhoeven,dutch
759,843,vermeulen,dutch
760,844,ververs,dutch
761,845,vervloet,dutch
762,846,visscher,dutch
763,847,vogels,dutch
764,848,vossen,dutch
765,849,vroom,dutch
766,850,vroomen,dutch
767,851,wauters,dutch
768,852,westenberg,dutch
769,853,willems,dutch
770,854,willemse,dutch
771,855,willemsen,dutch
772,856,wilms,dutch
773,857,wolters,dutch
774,858,wouters,dutch
775,859,zaal,dutch
776,860,zeegers,dutch
777,861,zeelen,dutch
778,862,zegers,dutch
779,863,zuiderduin,dutch
780,864,abbey,english
781,865,abbott,english
782,866,abney,english
783,867,abram,english
784,868,abramson,english
785,869,ackerman,english
786,870,adair,english
787,871,adamson,english
788,872,adcock,english
789,873,addison,english
790,874,adkins,english
791,875,aiken,english
792,876,ainsworth,english
793,877,akerman,english
794,878,akers,english
795,879,albertson,english
796,880,alden,english
797,881,alexander,english
798,882,alfredson,english
799,883,alger,english
800,884,allsopp,english
801,885,alvey,english
802,886,alvin,english
803,887,anderson,english
804,888,andrews,english
805,889,andrewson,english
806,890,ansel,english
807,891,anson,english
808,892,anthonyson,english
809,893,appleby,english
810,894,appleton,english
811,895,apted,english
812,896,archer,english
813,897,arkwright,english
814,898,armistead,english
815,899,armstrong,english
816,900,arnold,english
817,901,arrington,english
818,902,arterberry,english
819,903,arterbury,english
820,904,arthurson,english
821,905,ash,english
822,906,ashley,english
823,907,ashworth,english
824,908,aston,english
825,909,atkins,english
826,910,atkinson,english
827,911,attaway,english
828,912,atteberry,english
829,913,atterberry,english
830,914,attwater,english
831,915,attwood,english
832,916,atwater,english
833,917,atwood,english
834,918,audley,english
835,919,augustine,english
836,920,austin,english
837,921,auteberry,english
838,922,averill,english
839,923,avery,english
840,924,ayers,english
841,925,aylmer,english
842,926,ayton,english
843,927,babcock,english
844,928,backus,english
845,929,badcock,english
846,930,bagley,english
847,931,bailey,english
848,932,bain,english
849,933,baker,english
850,934,baldwin,english
851,935,ball,english
852,936,bancroft,english
853,937,banister,english
854,938,banks,english
855,939,banner,english
856,940,bannerman,english
857,941,bannister,english
858,942,bardsley,english
859,943,barker,english
860,944,barlow,english
861,945,barnes,english
862,946,barnet,english
863,947,barnett,english
864,948,barr,english
865,949,barret,english
866,950,barrett,english
867,951,barton,english
868,952,bartram,english
869,953,bass,english
870,954,bates,english
871,955,bateson,english
872,956,battle,english
873,957,batts,english
874,958,baxter,english
875,959,beake,english
876,960,bean,english
877,961,beasley,english
878,962,becket,english
879,963,beckett,english
880,964,beckham,english
881,965,belcher,english
882,966,bell,english
883,967,benbow,english
884,968,benjaminson,english
885,969,benn,english
886,970,bennet,english
887,971,bennett,english
888,972,benson,english
889,973,bentley,english
890,974,benton,english
891,975,berry,english
892,976,beverley,english
893,977,beverly,english
894,978,bird,english
895,979,bishop,english
896,980,bisset,english
897,981,bissette,english
898,982,black,english
899,983,blackbourne,english
900,984,blackburn,english
901,985,blackman,english
902,986,blake,english
903,987,blakeslee,english
904,988,blakesley,english
905,989,bloodworth,english
906,990,bloxam,english
907,991,bloxham,english
908,992,blue,english
909,993,blythe,english
910,994,boatwright,english
911,995,bolton,english
912,996,bond,english
913,997,bone,english
914,998,bonham,english
915,999,bonner,english
916,1000,bonney,english
917,1001,boone,english
918,1002,booth,english
919,1003,boothman,english
920,1004,botterill,english
921,1005,botwright,english
922,1006,bourke,english
923,1007,bourne,english
924,1008,bowman,english
925,1009,boyce,english
926,1010,braddock,english
927,1011,bradford,english
928,1012,bradley,english
929,1013,brandon,english
930,1014,branson,english
931,1015,brasher,english
932,1016,brassington,english
933,1017,bray,english
934,1018,brent,english
935,1019,brett,english
936,1020,brewer,english
937,1021,brewster,english
938,1022,brice,english
939,1023,brigham,english
940,1024,bristol,english
941,1025,bristow,english
942,1026,brittain,english
943,1027,britton,english
944,1028,broadbent,english
945,1029,brock,english
946,1030,bronson,english
947,1031,brook,english
948,1032,brooke,english
949,1033,brooks,english
950,1034,brown,english
951,1035,browne,english
952,1036,brownlow,english
953,1037,bryan,english
954,1038,bryant,english
955,1039,bryce,english
956,1040,bryson,english
957,1041,bull,english
958,1042,bullard,english
959,1043,bullock,english
960,1044,bunker,english
961,1045,burnham,english
962,1046,burrell,english
963,1047,burton,english
964,1048,bush,english
965,1049,butcher,english
966,1050,butts,english
967,1051,byrd,english
968,1052,caldwell,english
969,1053,cannon,english
970,1054,cantrell,english
971,1055,carlisle,english
972,1056,carlyle,english
973,1057,carman,english
974,1058,carpenter,english
975,1059,carter,english
976,1060,cartwright,english
977,1061,carver,english
978,1062,castle,english
979,1063,caulfield,english
980,1064,causer,english
981,1065,causey,english
982,1066,chadwick,english
983,1067,chamberlain,english
984,1068,chambers,english
985,1069,chance,english
986,1070,chancellor,english
987,1071,chandler,english
988,1072,chapman,english
989,1073,chase,english
990,1074,cheshire,english
991,1075,chester,english
992,1076,christians,english
993,1077,christianson,english
994,1078,christinsen,english
995,1079,christison,english
996,1080,christopher,english
997,1081,christophers,english
998,1082,christopherson,english
999,1083,church,english
1000,1084,clark,english
1001,1085,clarke,english
1002,1086,clarkson,english
1003,1087,clay,english
1004,1088,clayton,english
1005,1089,clemens,english
1006,1090,clifford,english
1007,1091,clifton,english
1008,1092,clinton,english
1009,1093,close,english
1010,1094,cobb,english
1011,1095,cock,english
1012,1096,cocks,english
1013,1097,coke,english
1014,1098,cokes,english
1015,1099,cole,english
1016,1100,collingwood,english
1017,1101,colton,english
1018,1102,combs,english
1019,1103,comstock,english
1020,1104,conner,english
1021,1105,constable,english
1022,1106,cook,english
1023,1107,cooke,english
1024,1108,cookson,english
1025,1109,coombs,english
1026,1110,cooper,english
1027,1111,corey,english
1028,1112,cornell,english
1029,1113,cornett,english
1030,1114,corwin,english
1031,1115,cory,english
1032,1116,cotterill,english
1033,1117,coupe,english
1034,1118,courtenay,english
1035,1119,courtney,english
1036,1120,cowden,english
1037,1121,cox,english
1038,1122,coy,english
1039,1123,crawford,english
1040,1124,crewe,english
1041,1125,crisp,english
1042,1126,croft,english
1043,1127,cropper,english
1044,1128,cross,english
1045,1129,crouch,english
1046,1130,curtis,english
1047,1131,dabney,english
1048,1132,dale,english
1049,1133,dalton,english
1050,1134,dane,english
1051,1135,danell,english
1052,1136,daniell,english
1053,1137,daniels,english
1054,1138,danielson,english
1055,1139,dannel,english
1056,1140,danniel,english
1057,1141,danniell,english
1058,1142,darby,english
1059,1143,darrell,english
1060,1144,darwin,english
1061,1145,daubney,english
1062,1146,davids,english
1063,1147,davidson,english
1064,1148,davison,english
1065,1149,dawson,english
1066,1150,day,english
1067,1151,deadman,english
1068,1152,dean,english
1069,1153,debenham,english
1070,1154,dedrick,english
1071,1155,deering,english
1072,1156,denman,english
1073,1157,dennell,english
1074,1158,denzil,english
1075,1159,derby,english
1076,1160,derrick,english
1077,1161,derricks,english
1078,1162,derrickson,english
1079,1163,devereux,english
1080,1164,dexter,english
1081,1165,dick,english
1082,1166,dickens,english
1083,1167,dickenson,english
1084,1168,dickinson,english
1085,1169,dickman,english
1086,1170,dickson,english
1087,1171,disney,english
1088,1172,dixon,english
1089,1173,doctor,english
1090,1174,dodge,english
1091,1175,donalds,english
1092,1176,donaldson,english
1093,1177,dorsey,english
1094,1178,downer,english
1095,1179,drake,english
1096,1180,draper,english
1097,1181,dudley,english
1098,1182,duke,english
1099,1183,dukes,english
1100,1184,dustin,english
1101,1185,dwerryhouse,english
1102,1186,dwight,english
1103,1187,dyer,english
1104,1188,dyson,english
1105,1189,eads,english
1106,1190,earl,english
1107,1191,earls,english
1108,1192,easom,english
1109,1193,eason,english
1110,1194,easton,english
1111,1195,eaton,english
1112,1196,eccleston,english
1113,1197,ecclestone,english
1114,1198,edgar,english
1115,1199,edison,english
1116,1200,edwards,english
1117,1201,edwardson,english
1118,1202,elder,english
1119,1203,eldred,english
1120,1204,eldridge,english
1121,1205,eliot,english
1122,1206,eliott,english
1123,1207,ellery,english
1124,1208,elliot,english
1125,1209,elliott,english
1126,1210,ellison,english
1127,1211,ellisson,english
1128,1212,elliston,english
1129,1213,ellsworth,english
1130,1214,elmer,english
1131,1215,elvis,english
1132,1216,elwes,english
1133,1217,elwin,english
1134,1218,elwyn,english
1135,1219,ely,english
1136,1220,emerson,english
1137,1221,emmet,english
1138,1222,emmett,english
1139,1223,endicott,english
1140,1224,english,english
1141,1225,erickson,english
1142,1226,eustis,english
1143,1227,evanson,english
1144,1228,evelyn,english
1145,1229,evered,english
1146,1230,everett,english
1147,1231,everill,english
1148,1232,ewart,english
1149,1233,fairburn,english
1150,1234,fairchild,english
1151,1235,fairclough,english
1152,1236,farmer,english
1153,1237,farnham,english
1154,1238,fear,english
1155,1239,fenn,english
1156,1240,fiddler,english
1157,1241,fields,english
1158,1242,fishman,english
1159,1243,fitzroy,english
1160,1244,fleming,english
1161,1245,fletcher,english
1162,1246,ford,english
1163,1247,forester,english
1164,1248,forrest,english
1165,1249,fortune,english
1166,1250,foss,english
1167,1251,foster,english
1168,1252,fowler,english
1169,1253,fox,english
1170,1254,francis,english
1171,1255,franklin,english
1172,1256,franklyn,english
1173,1257,freeman,english
1174,1258,fry,english
1175,1259,frye,english
1176,1260,fuller,english
1177,1261,fulton,english
1178,1262,gabriels,english
1179,1263,gabrielson,english
1180,1264,garbutt,english
1181,1265,gardener,english
1182,1266,gardiner,english
1183,1267,gardner,english
1184,1268,garey,english
1185,1269,garfield,english
1186,1270,garland,english
1187,1271,garner,english
1188,1272,garnet,english
1189,1273,garnett,english
1190,1274,garrard,english
1191,1275,garret,english
1192,1276,garrett,english
1193,1277,garrod,english
1194,1278,garry,english
1195,1279,gary,english
1196,1280,geary,english
1197,1281,george,english
1198,1282,georgeson,english
1199,1283,gibb,english
1200,1284,giffard,english
1201,1285,gilbert,english
1202,1286,giles,english
1203,1287,gilliam,english
1204,1288,gladwin,english
1205,1289,gladwyn,english
1206,1290,glazier,english
1207,1291,glover,english
1208,1292,goddard,english
1209,1293,godfrey,english
1210,1294,goffe,english
1211,1295,good,english
1212,1296,goode,english
1213,1297,goodwin,english
1214,1298,gorbold,english
1215,1299,gore,english
1216,1300,granville,english
1217,1301,graves,english
1218,1302,gray,english
1219,1303,green,english
1220,1304,greene,english
1221,1305,gregory,english
1222,1306,grenville,english
1223,1307,grey,english
1224,1308,groves,english
1225,1309,gully,english
1226,1310,hackett,english
1227,1311,hadaway,english
1228,1312,haggard,english
1229,1313,haight,english
1230,1314,hailey,english
1231,1315,haines,english
1232,1316,hale,english
1233,1317,haley,english
1234,1318,hamm,english
1235,1319,hampson,english
1236,1320,hampton,english
1237,1321,hancock,english
1238,1322,hanley,english
1239,1323,hanson,english
1240,1324,harden,english
1241,1325,harding,english
1242,1326,hardwick,english
1243,1327,harford,english
1244,1328,hargrave,english
1245,1329,harlan,english
1246,1330,harland,english
1247,1331,harley,english
1248,1332,harlow,english
1249,1333,harmon,english
1250,1334,haroldson,english
1251,1335,harper,english
1252,1336,harrell,english
1253,1337,harrelson,english
1254,1338,harris,english
1255,1339,harrison,english
1256,1340,hart,english
1257,1341,hartell,english
1258,1342,harvey,english
1259,1343,hathaway,english
1260,1344,hatheway,english
1261,1345,hathoway,english
1262,1346,haward,english
1263,1347,hawk,english
1264,1348,hawking,english
1265,1349,hawkins,english
1266,1350,hayley,english
1267,1351,haynes,english
1268,1352,hayward,english
1269,1353,haywood,english
1270,1354,head,english
1271,1355,headley,english
1272,1356,heath,english
1273,1357,hedley,english
1274,1358,henry,english
1275,1359,henryson,english
1276,1360,henson,english
1277,1361,herbertson,english
1278,1362,hermanson,english
1279,1363,hewitt,english
1280,1364,hext,english
1281,1365,hibbert,english
1282,1366,hicks,english
1283,1367,hightower,english
1284,1368,hill,english
1285,1369,hillam,english
1286,1370,hilton,english
1287,1371,hobbes,english
1288,1372,hobbs,english
1289,1373,hobson,english
1290,1374,hodges,english
1291,1375,hodson,english
1292,1376,hogarth,english
1293,1377,holland,english
1294,1378,hollands,english
1295,1379,hollins,english
1296,1380,holmwood,english
1297,1381,honeycutt,english
1298,1382,honeysett,english
1299,1383,hooker,english
1300,1384,hooper,english
1301,1385,hope,english
1302,1386,hopkins,english
1303,1387,hopper,english
1304,1388,hopson,english
1305,1389,horne,english
1306,1390,horsfall,english
1307,1391,horton,english
1308,1392,house,english
1309,1393,howard,english
1310,1394,howe,english
1311,1395,howland,english
1312,1396,howse,english
1313,1397,huddleson,english
1314,1398,huddleston,english
1315,1399,hudnall,english
1316,1400,hudson,english
1317,1401,hull,english
1318,1402,humphrey,english
1319,1403,hunnisett,english
1320,1404,hunt,english
1321,1405,hurst,english
1322,1406,hutson,english
1323,1407,huxley,english
1324,1408,huxtable,english
1325,1409,ianson,english
1326,1410,ibbot,english
1327,1411,ibbott,english
1328,1412,ikin,english
1329,1413,ilbert,english
1330,1414,ingham,english
1331,1415,ingram,english
1332,1416,irvin,english
1333,1417,irwin,english
1334,1418,isaacson,english
1335,1419,jackson,english
1336,1420,jacobson,english
1337,1421,jakeman,english
1338,1422,james,english
1339,1423,jameson,english
1340,1424,jamison,english
1341,1425,jarrett,english
1342,1426,jarvis,english
1343,1427,jeanes,english
1344,1428,jeffers,english
1345,1429,jefferson,english
1346,1430,jeffery,english
1347,1431,jeffries,english
1348,1432,jekyll,english
1349,1433,jenkins,english
1350,1434,jennings,english
1351,1435,jephson,english
1352,1436,jepson,english
1353,1437,jerome,english
1354,1438,jervis,english
1355,1439,jewel,english
1356,1440,jewell,english
1357,1441,jinks,english
1358,1442,johns,english
1359,1443,johnson,english
1360,1444,joiner,english
1361,1445,josephs,english
1362,1446,josephson,english
1363,1447,joyner,english
1364,1448,judd,english
1365,1449,kay,english
1366,1450,keen,english
1367,1451,keighley,english
1368,1452,kellogg,english
1369,1453,kelsey,english
1370,1454,kemp,english
1371,1455,kendal,english
1372,1456,kendall,english
1373,1457,kennard,english
1374,1458,kerry,english
1375,1459,kersey,english
1376,1460,kevins,english
1377,1461,kevinson,english
1378,1462,key,english
1379,1463,keys,english
1380,1464,killam,english
1381,1465,kimball,english
1382,1466,kimberley,english
1383,1467,kimberly,english
1384,1468,king,english
1385,1469,kingsley,english
1386,1470,kingston,english
1387,1471,kinsley,english
1388,1472,kipling,english
1389,1473,kirby,english
1390,1474,kitchen,english
1391,1475,kitchens,english
1392,1476,knaggs,english
1393,1477,knight,english
1394,1478,kynaston,english
1395,1479,lacey,english
1396,1480,lacy,english
1397,1481,landon,english
1398,1482,langdon,english
1399,1483,langley,english
1400,1484,larson,english
1401,1485,law,english
1402,1486,lawrence,english
1403,1487,lawson,english
1404,1488,layton,english
1405,1489,leach,english
1406,1490,leavitt,english
1407,1491,ledford,english
1408,1492,leigh,english
1409,1493,leighton,english
1410,1494,leonard,english
1411,1495,leonardson,english
1412,1496,levitt,english
1413,1497,lewin,english
1414,1498,leyton,english
1415,1499,lincoln,english
1416,1500,lindon,english
1417,1501,linton,english
1418,1502,linwood,english
1419,1503,little,english
1420,1504,lockwood,english
1421,1505,loman,english
1422,1506,london,english
1423,1507,long,english
1424,1508,longstaff,english
1425,1509,love,english
1426,1510,lovel,english
1427,1511,lovell,english
1428,1512,lowell,english
1429,1513,lukeson,english
1430,1514,lum,english
1431,1515,lyndon,english
1432,1516,lynn,english
1433,1517,lynton,english
1434,1518,lynwood,english
1435,1519,macey,english
1436,1520,macy,english
1437,1521,maddison,english
1438,1522,madison,english
1439,1523,mallory,english
1440,1524,mark,english
1441,1525,marley,english
1442,1526,marlow,english
1443,1527,marlowe,english
1444,1528,marsden,english
1445,1529,marshall,english
1446,1530,marston,english
1447,1531,martins,english
1448,1532,martinson,english
1449,1533,mason,english
1450,1534,massey,english
1451,1535,masterson,english
1452,1536,mathers,english
1453,1537,mathews,english
1454,1538,mathewson,english
1455,1539,matthews,english
1456,1540,matthewson,english
1457,1541,may,english
1458,1542,mayes,english
1459,1543,maynard,english
1460,1544,meadows,english
1461,1545,mercer,english
1462,1546,merchant,english
1463,1547,merrill,english
1464,1548,merritt,english
1465,1549,michael,english
1466,1550,michaels,english
1467,1551,michaelson,english
1468,1552,midgley,english
1469,1553,milburn,english
1470,1554,miles,english
1471,1555,milford,english
1472,1556,millard,english
1473,1557,miller,english
1474,1558,millhouse,english
1475,1559,mills,english
1476,1560,millward,english
1477,1561,milton,english
1478,1562,minett,english
1479,1563,mondy,english
1480,1564,moore,english
1481,1565,moores,english
1482,1566,moors,english
1483,1567,morce,english
1484,1568,morin,english
1485,1569,morison,english
1486,1570,morrish,english
1487,1571,morrison,english
1488,1572,morriss,english
1489,1573,morse,english
1490,1574,mottershead,english
1491,1575,mould,english
1492,1576,mounce,english
1493,1577,munson,english
1494,1578,murgatroyd,english
1495,1579,mutton,english
1496,1580,myers,english
1497,1581,myles,english
1498,1582,mynatt,english
1499,1583,nash,english
1500,1584,nathans,english
1501,1585,nathanson,english
1502,1586,neal,english
1503,1587,nelson,english
1504,1588,newman,english
1505,1589,newport,english
1506,1590,newton,english
1507,1591,nichols,english
1508,1592,nicholson,english
1509,1593,nicolson,english
1510,1594,nielson,english
1511,1595,nigel,english
1512,1596,niles,english
1513,1597,nixon,english
1514,1598,norman,english
1515,1599,normanson,english
1516,1600,north,english
1517,1601,northrop,english
1518,1602,norton,english
1519,1603,norwood,english
1520,1604,nowell,english
1521,1605,nye,english
1522,1606,oakley,english
1523,1607,odell,english
1524,1608,ogden,english
1525,1609,oliverson,english
1526,1610,osborne,english
1527,1611,osbourne,english
1528,1612,otis,english
1529,1613,outlaw,english
1530,1614,outterridge,english
1531,1615,overton,english
1532,1616,owston,english
1533,1617,paddon,english
1534,1618,padmore,english
1535,1619,paige,english
1536,1620,palmer,english
1537,1621,parish,english
1538,1622,parker,english
1539,1623,parks,english
1540,1624,parrish,english
1541,1625,parsons,english
1542,1626,patrick,english
1543,1627,patrickson,english
1544,1628,paulson,english
1545,1629,payton,english
1546,1630,peacock,english
1547,1631,peak,english
1548,1632,pearce,english
1549,1633,pearson,english
1550,1634,peck,english
1551,1635,pelley,english
1552,1636,pemberton,english
1553,1637,penny,english
1554,1638,perkins,english
1555,1639,peterson,english
1556,1640,peyton,english
1557,1641,phelps,english
1558,1642,phillips,english
1559,1643,pickering,english
1560,1644,pickle,english
1561,1645,pierce,english
1562,1646,pierson,english
1563,1647,piper,english
1564,1648,pitts,english
1565,1649,plaskett,english
1566,1650,platt,english
1567,1651,pocock,english
1568,1652,poindexter,english
1569,1653,polley,english
1570,1654,pond,english
1571,1655,poole,english
1572,1656,pope,english
1573,1657,porter,english
1574,1658,potter,english
1575,1659,pound,english
1576,1660,pratt,english
1577,1661,prescott,english
1578,1662,presley,english
1579,1663,pressley,english
1580,1664,preston,english
1581,1665,priestley,english
1582,1666,proudfoot,english
1583,1667,pryor,english
1584,1668,purcell,english
1585,1669,putnam,english
1586,1670,queshire,english
1587,1671,quick,english
1588,1672,quincey,english
1589,1673,quincy,english
1590,1674,radcliff,english
1591,1675,radclyffe,english
1592,1676,raines,english
1593,1677,rains,english
1594,1678,rake,english
1595,1679,rakes,english
1596,1680,randal,english
1597,1681,randall,english
1598,1682,randell,english
1599,1683,ray,english
1600,1684,rayne,english
1601,1685,raynerson,english
1602,1686,read,english
1603,1687,readdie,english
1604,1688,reed,english
1605,1689,reeve,english
1606,1690,rennell,english
1607,1691,rennold,english
1608,1692,rennoll,english
1609,1693,revie,english
1610,1694,reynell,english
1611,1695,reynolds,english
1612,1696,rhodes,english
1613,1697,richards,english
1614,1698,richardson,english
1615,1699,rickard,english
1616,1700,rider,english
1617,1701,ridley,english
1618,1702,rigby,english
1619,1703,rimmer,english
1620,1704,roach,english
1621,1705,robbins,english
1622,1706,roberts,english
1623,1707,robertson,english
1624,1708,robinson,english
1625,1709,robson,english
1626,1710,roderick,english
1627,1711,rodgers,english
1628,1712,rogers,english
1629,1713,rogerson,english
1630,1714,rollins,english
1631,1715,roscoe,english
1632,1716,rounds,english
1633,1717,rowbottom,english
1634,1718,rowland,english
1635,1719,rowntree,english
1636,1720,royce,english
1637,1721,royceston,english
1638,1722,roydon,english
1639,1723,royle,english
1640,1724,royston,english
1641,1725,ruggles,english
1642,1726,rupertson,english
1643,1727,rush,english
1644,1728,russel,english
1645,1729,russell,english
1646,1730,ryder,english
1647,1731,rye,english
1648,1732,ryer,english
1649,1733,ryers,english
1650,1734,ryley,english
1651,1735,sackville,english
1652,1736,sadler,english
1653,1737,sampson,english
1654,1738,sams,english
1655,1739,samuels,english
1656,1740,samuelson,english
1657,1741,sanders,english
1658,1742,sanderson,english
1659,1743,sandford,english
1660,1744,sands,english
1661,1745,sanford,english
1662,1746,sappington,english
1663,1747,savage,english
1664,1748,savege,english
1665,1749,savidge,english
1666,1750,sawyer,english
1667,1751,saylor,english
1668,1752,scarlett,english
1669,1753,scriven,english
1670,1754,scrivener,english
1671,1755,scrivenor,english
1672,1756,scrivens,english
1673,1757,seabrooke,english
1674,1758,seaver,english
1675,1759,selby,english
1676,1760,sempers,english
1677,1761,senior,english
1678,1762,sessions,english
1679,1763,sexton,english
1680,1764,seymour,english
1681,1765,shakesheave,english
1682,1766,sharman,english
1683,1767,sharp,english
1684,1768,sharrow,english
1685,1769,shaw,english
1686,1770,shelby,english
1687,1771,shelton,english
1688,1772,shepard,english
1689,1773,shepherd,english
1690,1774,sheppard,english
1691,1775,sherburne,english
1692,1776,short,english
1693,1777,siddall,english
1694,1778,sidney,english
1695,1779,simmons,english
1696,1780,simms,english
1697,1781,simonson,english
1698,1782,simpkin,english
1699,1783,simpson,english
1700,1784,sims,english
1701,1785,sinclair,english
1702,1786,skinner,english
1703,1787,slater,english
1704,1788,small,english
1705,1789,smalls,english
1706,1790,smedley,english
1707,1791,smith,english
1708,1792,smythe,english
1709,1793,snelling,english
1710,1794,snider,english
1711,1795,sniders,english
1712,1796,snyder,english
1713,1797,snyders,english
1714,1798,southers,english
1715,1799,southgate,english
1716,1800,sowards,english
1717,1801,sparks,english
1718,1802,spear,english
1719,1803,spearing,english
1720,1804,spears,english
1721,1805,speight,english
1722,1806,spence,english
1723,1807,spencer,english
1724,1808,spooner,english
1725,1809,spurling,english
1726,1810,stacey,english
1727,1811,stack,english
1728,1812,stacks,english
1729,1813,stacy,english
1730,1814,stafford,english
1731,1815,stainthorpe,english
1732,1816,stamp,english
1733,1817,stanford,english
1734,1818,stanley,english
1735,1819,stanton,english
1736,1820,starr,english
1737,1821,statham,english
1738,1822,steed,english
1739,1823,steele,english
1740,1824,stenet,english
1741,1825,stephens,english
1742,1826,stephenson,english
1743,1827,stevens,english
1744,1828,stevenson,english
1745,1829,stidolph,english
1746,1830,st john,english
1747,1831,stoddard,english
1748,1832,stone,english
1749,1833,strange,english
1750,1834,street,english
1751,1835,strickland,english
1752,1836,stringer,english
1753,1837,styles,english
1754,1838,sudworth,english
1755,1839,suggitt,english
1756,1840,summerfield,english
1757,1841,summers,english
1758,1842,sumner,english
1759,1843,sutton,english
1760,1844,sweet,english
1761,1845,swindlehurst,english
1762,1846,sydney,english
1763,1847,symons,english
1764,1848,taft,english
1765,1849,tailor,english
1766,1850,tanner,english
1767,1851,tash,english
1768,1852,tasker,english
1769,1853,tate,english
1770,1854,tatham,english
1771,1855,tatton,english
1772,1856,tatum,english
1773,1857,taylor,english
1774,1858,teel,english
1775,1859,tennison,english
1776,1860,tennyson,english
1777,1861,terrell,english
1778,1862,terry,english
1779,1863,thacker,english
1780,1864,thatcher,english
1781,1865,thompsett,english
1782,1866,thompson,english
1783,1867,thomson,english
1784,1868,thorley,english
1785,1869,thorne,english
1786,1870,thornton,english
1787,1871,thorpe,english
1788,1872,thrussell,english
1789,1873,thurstan,english
1790,1874,thwaite,english
1791,1875,tifft,english
1792,1876,timberlake,english
1793,1877,tindall,english
1794,1878,tinker,english
1795,1879,tipton,english
1796,1880,tirrell,english
1797,1881,tittensor,english
1798,1882,tobin,english
1799,1883,tod,english
1800,1884,todd,english
1801,1885,toft,english
1802,1886,tolbert,english
1803,1887,tollemache,english
1804,1888,toller,english
1805,1889,towner,english
1806,1890,townsend,english
1807,1891,trask,english
1808,1892,traves,english
1809,1893,travis,english
1810,1894,traviss,english
1811,1895,traylor,english
1812,1896,treloar,english
1813,1897,trengove,english
1814,1898,trent,english
1815,1899,trevis,english
1816,1900,triggs,english
1817,1901,trueman,english
1818,1902,truman,english
1819,1903,tucker,english
1820,1904,tuff,english
1821,1905,tuft,english
1822,1906,tupper,english
1823,1907,turner,english
1824,1908,tyler,english
1825,1909,tyrell,english
1826,1910,tyrrell,english
1827,1911,tyson,english
1828,1912,underhill,english
1829,1913,underwood,english
1830,1914,upton,english
1831,1915,vance,english
1832,1916,vann,english
1833,1917,varley,english
1834,1918,varnham,english
1835,1919,verity,english
1836,1920,vernon,english
1837,1921,victors,english
1838,1922,vipond,english
1839,1923,virgo,english
1840,1924,wade,english
1841,1925,wakefield,english
1842,1926,waldroup,english
1843,1927,walker,english
1844,1928,waller,english
1845,1929,walmsley,english
1846,1930,walters,english
1847,1931,walterson,english
1848,1932,walton,english
1849,1933,wardrobe,english
1850,1934,ware,english
1851,1935,warren,english
1852,1936,warrick,english
1853,1937,warwick,english
1854,1938,wash,english
1855,1939,washington,english
1856,1940,waterman,english
1857,1941,waters,english
1858,1942,watkins,english
1859,1943,watt,english
1860,1944,watts,english
1861,1945,way,english
1862,1946,wayne,english
1863,1947,weaver,english
1864,1948,webb,english
1865,1949,webster,english
1866,1950,weekes,english
1867,1951,welch,english
1868,1952,wells,english
1869,1953,wembley,english
1870,1954,wescott,english
1871,1955,wesley,english
1872,1956,westbrook,english
1873,1957,westcott,english
1874,1958,westley,english
1875,1959,wheeler,english
1876,1960,wheelock,english
1877,1961,whinery,english
1878,1962,whitaker,english
1879,1963,white,english
1880,1964,whitney,english
1881,1965,whittemore,english
1882,1966,whittle,english
1883,1967,wickham,english
1884,1968,wilbur,english
1885,1969,wilcox,english
1886,1970,wilkerson,english
1887,1971,wilkie,english
1888,1972,wilkins,english
1889,1973,wilkinson,english
1890,1974,willard,english
1891,1975,william,english
1892,1976,williams,english
1893,1977,williamson,english
1894,1978,willis,english
1895,1979,willoughby,english
1896,1980,wilmer,english
1897,1981,wilson,english
1898,1982,wilton,english
1899,1983,winchester,english
1900,1984,winfield,english
1901,1985,winship,english
1902,1986,winslow,english
1903,1987,winston,english
1904,1988,winterbottom,english
1905,1989,winthrop,english
1906,1990,winton,english
1907,1991,witherspoon,english
1908,1992,wolfe,english
1909,1993,womack,english
1910,1994,woodcock,english
1911,1995,woodham,english
1912,1996,woodhams,english
1913,1997,woodrow,english
1914,1998,woodward,english
1915,1999,wootton,english
1916,2000,wortham,english
1917,2001,wragge,english
1918,2002,wray,english
1919,2003,wright,english
1920,2004,wyatt,english
1921,2005,wyman,english
1922,2006,wyndham,english
1923,2007,wynne,english
1924,2008,yap,english
1925,2009,yates,english
1926,2010,yong,english
1927,2011,york,english
1928,2012,young,english
1929,2013,younge,english
1930,2014,yoxall,english
1931,2055,andre,french
1932,2056,archambault,french
1933,2057,babin,french
1934,2058,babineaux,french
1935,2059,barre,french
1936,2060,baudin,french
1937,2061,beauchene,french
1938,2062,beaufort,french
1939,2063,beaulieu,french
1940,2064,bellerose,french
1941,2065,belrose,french
1942,2066,beranger,french
1943,2067,beringer,french
1944,2068,bertrand,french
1945,2069,blaise,french
1946,2070,blanc,french
1947,2071,blanchet,french
1948,2072,blanchett,french
1949,2073,boivin,french
1950,2074,bonfils,french
1951,2075,bonheur,french
1952,2076,bonhomme,french
1953,2077,bonnaire,french
1954,2078,bonnay,french
1955,2079,bonnet,french
1956,2080,borde,french
1957,2081,bouchard,french
1958,2082,boucher,french
1959,2083,bourdillon,french
1960,2084,bourreau,french
1961,2085,bret,french
1962,2086,brisbois,french
1963,2087,brodeur,french
1964,2088,bureau,french
1965,2089,caron,french
1966,2090,chaput,french
1967,2091,charbonneau,french
1968,2092,charpentier,french
1969,2093,charron,french
1970,2094,chastain,french
1971,2095,chevalier,french
1972,2096,chevrolet,french
1973,2097,cloutier,french
1974,2098,comtois,french
1975,2099,coste,french
1976,2100,cote,french
1977,2101,courtemanche,french
1978,2102,cousineau,french
1979,2103,couture,french
1980,2104,daniau,french
1981,2105,d'aramitz,french
1982,2106,daviau,french
1983,2107,deforest,french
1984,2108,degarmo,french
1985,2109,delacroix,french
1986,2110,de la fontaine,french
1987,2111,deniau,french
1988,2112,deniaud,french
1989,2113,deniel,french
1990,2114,denis,french
1991,2115,dennel,french
1992,2116,deschamps,french
1993,2117,descoteaux,french
1994,2118,desjardins,french
1995,2119,desroches,french
1996,2120,desrosiers,french
1997,2121,droit,french
1998,2122,dubois,french
1999,2123,duchamps,french
2000,2124,dufort,french
2001,2125,dufour,french
2002,2126,duguay,french
2003,2127,dumont,french
2004,2128,dupond,french
2005,2129,dupont,french
2006,2130,duval,french
2007,2131,emile,french
2008,2132,fabien,french
2009,2133,fabre,french
2010,2134,fabron,french
2011,2135,faucher,french
2012,2136,faucheux,french
2013,2137,faure,french
2014,2138,favager,french
2015,2139,favre,french
2016,2140,favreau,french
2017,2141,fevre,french
2018,2142,fontaine,french
2019,2143,forestier,french
2020,2144,fortier,french
2021,2145,fournier,french
2022,2146,francois,french
2023,2147,gagne,french
2024,2148,gagneux,french
2025,2149,gagnier,french
2026,2150,gagnon,french
2027,2151,garcon,french
2028,2152,gardinier,french
2029,2153,gauthier,french
2030,2154,germain,french
2031,2155,geroux,french
2032,2156,girard,french
2033,2157,giroux,french
2034,2158,gosse,french
2035,2159,gosselin,french
2036,2160,gros,french
2037,2161,guerin,french
2038,2162,guillory,french
2039,2163,hebert,french
2040,2164,herriot,french
2041,2165,jacques,french
2042,2166,janvier,french
2043,2167,joubert,french
2044,2168,labelle,french
2045,2169,lachance,french
2046,2170,lachapelle,french
2047,2171,lambert,french
2048,2172,langlais,french
2049,2173,langlois,french
2050,2174,lapointe,french
2051,2175,larue,french
2052,2176,laurent,french
2053,2177,lavigne,french
2054,2178,lavoie,french
2055,2179,leandres,french
2056,2180,lebeau,french
2057,2181,leblanc,french
2058,2182,leclair,french
2059,2183,leclerc,french
2060,2184,lecuyer,french
2061,2185,lefebvre,french
2062,2186,lefevre,french
2063,2187,lefurgey,french
2064,2188,legrand,french
2065,2189,lemaire,french
2066,2190,lemieux,french
2067,2191,leroy,french
2068,2192,lesauvage,french
2069,2193,lestrange,french
2070,2194,leveque,french
2071,2195,levesque,french
2072,2196,linville,french
2073,2197,macon,french
2074,2198,marie,french
2075,2199,marion,french
2076,2200,mathieu,french
2077,2201,mercier,french
2078,2202,merle,french
2079,2203,michaud,french
2080,2204,monet,french
2081,2205,monette,french
2082,2206,montagne,french
2083,2207,moreau,french
2084,2208,morel,french
2085,2209,moulin,french
2086,2210,nicolas,french
2087,2211,noyer,french
2088,2212,olivier,french
2089,2213,pape,french
2090,2214,paquet,french
2091,2215,patenaude,french
2092,2216,pelletier,french
2093,2217,perrault,french
2094,2218,perreault,french
2095,2219,perrin,french
2096,2220,perrot,french
2097,2221,pierre,french
2098,2222,plamondon,french
2099,2223,plourde,french
2100,2224,poirier,french
2101,2225,poulin,french
2102,2226,proulx,french
2103,2227,renaud,french
2104,2228,reyer,french
2105,2229,richelieu,french
2106,2230,roche,french
2107,2231,rousseau,french
2108,2232,roussel,french
2109,2233,roux,french
2110,2234,royer,french
2111,2235,sartre,french
2112,2236,sault,french
2113,2237,sauvageau,french
2114,2238,sauvageon,french
2115,2239,sauvageot,french
2116,2240,sauveterre,french
2117,2241,savatier,french
2118,2242,severin,french
2119,2243,soucy,french
2120,2244,st martin,french
2121,2245,st pierre,french
2122,2246,tailler,french
2123,2247,tasse,french
2124,2248,thayer,french
2125,2249,thibault,french
2126,2250,traver,french
2127,2251,travere,french
2128,2252,traverse,french
2129,2253,travert,french
2130,2254,tremblay,french
2131,2255,tremble,french
2132,2256,villeneuve,french
2133,2257,voclain,french
2134,2258,abeln,german
2135,2259,abt,german
2136,2260,achilles,german
2137,2261,ackermann,german
2138,2262,adenauer,german
2139,2263,adler,german
2140,2264,albrecht,german
2141,2265,aleshire,german
2142,2266,alscher,german
2143,2267,althaus,german
2144,2268,arbeit,german
2145,2269,armbruster,german
2146,2270,aue,german
2147,2271,auer,german
2148,2272,aust,german
2149,2273,bach,german
2150,2274,bachman,german
2151,2275,bachmann,german
2152,2276,bachmeier,german
2153,2277,backer,german
2154,2278,bader,german
2155,2279,bahr,german
2156,2280,baier,german
2157,2281,bambach,german
2158,2282,bauer,german
2159,2283,bauers,german
2160,2284,baum,german
2161,2285,baumann,german
2162,2286,baumbach,german
2163,2287,baumer,german
2164,2288,baumgarten,german
2165,2289,baumgartner,german
2166,2290,baumhauer,german
2167,2291,bayer,german
2168,2292,becke,german
2169,2293,beckenbauer,german
2170,2294,becker,german
2171,2295,beckert,german
2172,2296,behrend,german
2173,2297,behrends,german
2174,2298,behringer,german
2175,2299,beitel,german
2176,2300,beltz,german
2177,2301,bernhard,german
2178,2302,beutel,german
2179,2303,beyer,german
2180,2304,beyersdorf,german
2181,2305,bieber,german
2182,2306,biermann,german
2183,2307,bischoffs,german
2184,2308,blau,german
2185,2309,blecher,german
2186,2310,bleier,german
2187,2311,bocker,german
2188,2312,boehler,german
2189,2313,bohler,german
2190,2314,bohm,german
2191,2315,bohme,german
2192,2316,bohn,german
2193,2317,borchard,german
2194,2318,borchardt,german
2195,2319,bottcher,german
2196,2320,braband,german
2197,2321,brahms,german
2198,2322,brandt,german
2199,2323,braun,german
2200,2324,braune,german
2201,2325,breisacher,german
2202,2326,breitbarth,german
2203,2327,bretz,german
2204,2328,brinkerhoff,german
2205,2329,brodbeck,german
2206,2330,brose,german
2207,2331,brotz,german
2208,2332,bruhn,german
2209,2333,brun,german
2210,2334,brune,german
2211,2335,buchholz,german
2212,2336,bumgarner,german
2213,2337,burgstaller,german
2214,2338,busch,german
2215,2339,daube,german
2216,2340,denzel,german
2217,2341,derichs,german
2218,2342,diefenbach,german
2219,2343,dieter,german
2220,2344,dietrich,german
2221,2345,dittmar,german
2222,2346,dohman,german
2223,2347,drechsler,german
2224,2348,dreher,german
2225,2349,dreier,german
2226,2350,dreschner,german
2227,2351,dresdner,german
2228,2352,dressler,german
2229,2353,dreyer,german
2230,2354,duerr,german
2231,2355,dunkel,german
2232,2356,dunst,german
2233,2357,durr,german
2234,2358,eberhardt,german
2235,2359,ebner,german
2236,2360,eckstein,german
2237,2361,egger,german
2238,2362,eichel,german
2239,2363,eilerts,german
2240,2364,engel,german
2241,2365,enns,german
2242,2366,esser,german
2243,2367,essert,german
2244,2368,everhart,german
2245,2369,fabel,german
2246,2370,faerber,german
2247,2371,falkenrath,german
2248,2372,farber,german
2249,2373,fashingbauer,german
2250,2374,faust,german
2251,2375,fenstermacher,german
2252,2376,ferber,german
2253,2377,fertig,german
2254,2378,fiedler,german
2255,2379,fischer,german
2256,2380,flater,german
2257,2381,fleischer,german
2258,2382,foerstner,german
2259,2383,forney,german
2260,2384,forst,german
2261,2385,forstner,german
2262,2386,frei,german
2263,2387,freund,german
2264,2388,fried,german
2265,2389,friedrich,german
2266,2390,fromm,german
2267,2391,fuchs,german
2268,2392,fuhrmann,german
2269,2393,furst,german
2270,2394,fux,german
2271,2395,gabler,german
2272,2396,gaertner,german
2273,2397,garb,german
2274,2398,garber,german
2275,2399,gartner,german
2276,2400,garver,german
2277,2401,gass,german
2278,2402,gehrig,german
2279,2403,gehring,german
2280,2404,geier,german
2281,2405,geiger,german
2282,2406,geisler,german
2283,2407,geissler,german
2284,2408,geiszler,german
2285,2409,gensch,german
2286,2410,gerber,german
2287,2411,gerhard,german
2288,2412,gerhardt,german
2289,2413,gerig,german
2290,2414,gerst,german
2291,2415,gerstle,german
2292,2416,gerver,german
2293,2417,giehl,german
2294,2418,glockner,german
2295,2419,gobel,german
2296,2420,goebel,german
2297,2421,goldschmidt,german
2298,2422,gott,german
2299,2423,gotti,german
2300,2424,gottlieb,german
2301,2425,gottschalk,german
2302,2426,graf,german
2303,2427,graner,german
2304,2428,groos,german
2305,2429,gross,german
2306,2430,grosse,german
2307,2431,grossel,german
2308,2432,grosser,german
2309,2433,grunewald,german
2310,2434,gunther,german
2311,2435,gutermuth,german
2312,2436,haase,german
2313,2437,habich,german
2314,2438,habicht,german
2315,2439,hafner,german
2316,2440,hahn,german
2317,2441,halle,german
2318,2442,hartmann,german
2319,2443,hase,german
2320,2444,hasek,german
2321,2445,hasenkamp,german
2322,2446,hass,german
2323,2447,hauer,german
2324,2448,haupt,german
2325,2449,hausler,german
2326,2450,havener,german
2327,2451,heidrich,german
2328,2452,heinrich,german
2329,2453,heinrichs,german
2330,2454,heintze,german
2331,2455,hellewege,german
2332,2456,heppenheimer,german
2333,2457,hermann,german
2334,2458,herrmann,german
2335,2459,hertz,german
2336,2460,herzog,german
2337,2461,hildebrand,german
2338,2462,hinrichs,german
2339,2463,hintzen,german
2340,2464,hirsch,german
2341,2465,hoch,german
2342,2466,hoefler,german
2343,2467,hofer,german
2344,2468,hoffman,german
2345,2469,hoffmann,german
2346,2470,hofler,german
2347,2471,hofmann,german
2348,2472,hofmeister,german
2349,2473,holtzer,german
2350,2474,holzer,german
2351,2475,holzknecht,german
2352,2476,holzmann,german
2353,2477,hoover,german
2354,2478,houk,german
2355,2479,huber,german
2356,2480,huffman,german
2357,2481,huffmann,german
2358,2482,hutmacher,german
2359,2483,ingersleben,german
2360,2484,jaeger,german
2361,2485,jager,german
2362,2486,janz,german
2363,2487,jollenbeck,german
2364,2488,jundt,german
2365,2489,jung,german
2366,2490,junge,german
2367,2491,kahler,german
2368,2492,kaiser,german
2369,2493,kalb,german
2370,2494,kalbfleisch,german
2371,2495,karl,german
2372,2496,kassmeyer,german
2373,2497,kastner,german
2374,2498,katz,german
2375,2499,kaube,german
2376,2500,kaufer,german
2377,2501,kauffmann,german
2378,2502,kaufman,german
2379,2503,keil,german
2380,2504,kempf,german
2381,2505,kerner,german
2382,2506,kerper,german
2383,2507,kiefer,german
2384,2508,kirchner,german
2385,2509,kistler,german
2386,2510,kistner,german
2387,2511,kleid,german
2388,2512,klossner,german
2389,2513,knef,german
2390,2514,kneib,german
2391,2515,kneller,german
2392,2516,knepp,german
2393,2517,knochenmus,german
2394,2518,knopf,german
2395,2519,knopp,german
2396,2520,koch,german
2397,2521,koenig,german
2398,2522,koenigsmann,german
2399,2523,kohl,german
2400,2524,kohler,german
2401,2525,kolbe,german
2402,2526,konig,german
2403,2527,konigsmann,german
2404,2528,kopp,german
2405,2529,kraemer,german
2406,2530,kramer,german
2407,2531,kraus,german
2408,2532,krause,german
2409,2533,krauss,german
2410,2534,krebs,german
2411,2535,kruckel,german
2412,2536,kruger,german
2413,2537,kruse,german
2414,2538,kuchler,german
2415,2539,kuhn,german
2416,2540,kundert,german
2417,2541,kunkel,german
2418,2542,kunkle,german
2419,2543,kuntz,german
2420,2544,kunze,german
2421,2545,kurzmann,german
2422,2546,laberenz,german
2423,2547,lafrentz,german
2424,2548,lafrenz,german
2425,2549,landau,german
2426,2550,langer,german
2427,2551,larenz,german
2428,2552,laurenz,german
2429,2553,lauritz,german
2430,2554,lawerenz,german
2431,2555,lawrenz,german
2432,2556,lehmann,german
2433,2557,lehrer,german
2434,2558,leitner,german
2435,2559,leitz,german
2436,2560,leitzke,german
2437,2561,lenz,german
2438,2562,leverenz,german
2439,2563,lewerentz,german
2440,2564,lewerenz,german
2441,2565,lichtenberg,german
2442,2566,lieberenz,german
2443,2567,linden,german
2444,2568,loewe,german
2445,2569,lohrenz,german
2446,2570,lorentz,german
2447,2571,lorenz,german
2448,2572,loris,german
2449,2573,loritz,german
2450,2574,lowe,german
2451,2575,ludwig,german
2452,2576,luther,german
2453,2577,maier,german
2454,2578,mandel,german
2455,2579,mann,german
2456,2580,markwardt,german
2457,2581,marquardt,german
2458,2582,martz,german
2459,2583,maurer,german
2460,2584,maus,german
2461,2585,meier,german
2462,2586,mein,german
2463,2587,meindl,german
2464,2588,meinhardt,german
2465,2589,meissner,german
2466,2590,melsbach,german
2467,2591,mendel,german
2468,2592,mendelsohn,german
2469,2593,mendelssohn,german
2470,2594,messer,german
2471,2595,messmann,german
2472,2596,messner,german
2473,2597,metz,german
2474,2598,metzger,german
2475,2599,meyer,german
2476,2600,morgenstern,german
2477,2601,moser,german
2478,2602,mueller,german
2479,2603,muhlfeld,german
2480,2604,muller,german
2481,2605,neuman,german
2482,2606,neumann,german
2483,2607,nuremberg,german
2484,2608,nussbaum,german
2485,2609,nussenbaum,german
2486,2610,oberst,german
2487,2611,oelberg,german
2488,2612,ohme,german
2489,2613,oppenheimer,german
2490,2614,otto,german
2491,2615,oursler,german
2492,2616,pabst,german
2493,2617,pahlke,german
2494,2618,papke,german
2495,2619,penzig,german
2496,2620,pfaff,german
2497,2621,pfenning,german
2498,2622,pletcher,german
2499,2623,polzin,german
2500,2624,porsche,german
2501,2625,portner,german
2502,2626,prinz,german
2503,2627,protz,german
2504,2628,rademacher,german
2505,2629,raskob,german
2506,2630,raskop,german
2507,2631,raskoph,german
2508,2632,regenbogen,german
2509,2633,reiher,german
2510,2634,reiter,german
2511,2635,rettig,german
2512,2636,reuter,german
2513,2637,richter,german
2514,2638,riese,german
2515,2639,ritter,german
2516,2640,rosenberg,german
2517,2641,rosenberger,german
2518,2642,rosenfeld,german
2519,2643,rot,german
2520,2644,roth,german
2521,2645,rothbauer,german
2522,2646,rothenberg,german
2523,2647,rothschild,german
2524,2648,sachs,german
2525,2649,saller,german
2526,2650,salzwedel,german
2527,2651,sander,german
2528,2652,sauber,german
2529,2653,schafer,german
2530,2654,scheer,german
2531,2655,scheinberg,german
2532,2656,schindler,german
2533,2657,schirmer,german
2534,2658,schlender,german
2535,2659,schlimme,german
2536,2660,schlusser,german
2537,2661,schmeling,german
2538,2662,schmid,german
2539,2663,schmidt,german
2540,2664,schmitt,german
2541,2665,schmitz,german
2542,2666,schneider,german
2543,2667,schnoor,german
2544,2668,schnur,german
2545,2669,schoettmer,german
2546,2670,scholz,german
2547,2671,schreck,german
2548,2672,schreiber,german
2549,2673,schreier,german
2550,2674,schroder,german
2551,2675,schroeder,german
2552,2676,schroeter,german
2553,2677,schroter,german
2554,2678,schubert,german
2555,2679,schuchard,german
2556,2680,schuchardt,german
2557,2681,schuchert,german
2558,2682,schuhart,german
2559,2683,schuhmacher,german
2560,2684,schuler,german
2561,2685,schultes,german
2562,2686,schultheis,german
2563,2687,schultheiss,german
2564,2688,schultz,german
2565,2689,schultze,german
2566,2690,schulz,german
2567,2691,schulze,german
2568,2692,schumacher,german
2569,2693,schuster,german
2570,2694,schuttmann,german
2571,2695,schwangau,german
2572,2696,schwartz,german
2573,2697,schwarz,german
2574,2698,schwarzenegger,german
2575,2699,schwenke,german
2576,2700,schwinghammer,german
2577,2701,seeger,german
2578,2702,seelenfreund,german
2579,2703,seidel,german
2580,2704,senft,german
2581,2705,sheinfeld,german
2582,2706,shriver,german
2583,2707,siegel,german
2584,2708,sieger,german
2585,2709,siekert,german
2586,2710,siemon,german
2587,2711,silverstein,german
2588,2712,simen,german
2589,2713,simmon,german
2590,2714,simoneit,german
2591,2715,siskin,german
2592,2716,siskind,german
2593,2717,sitz,german
2594,2718,slusser,german
2595,2719,sommer,german
2596,2720,sonnen,german
2597,2721,sorg,german
2598,2722,sorge,german
2599,2723,spannagel,german
2600,2724,spellmeyer,german
2601,2725,spitznogle,german
2602,2726,sponaugle,german
2603,2727,stauss,german
2604,2728,stein,german
2605,2729,steinmann,german
2606,2730,sternberg,german
2607,2731,steube,german
2608,2732,steuben,german
2609,2733,stieber,german
2610,2734,stoppelbein,german
2611,2735,straub,german
2612,2736,strobel,german
2613,2737,strohkirch,german
2614,2738,stroman,german
2615,2739,stuber,german
2616,2740,stueck,german
2617,2741,stumpf,german
2618,2742,sturm,german
2619,2743,suess,german
2620,2744,sulzbach,german
2621,2745,switzer,german
2622,2746,tangeman,german
2623,2747,tanzer,german
2624,2748,taube,german
2625,2749,teufel,german
2626,2750,tolkien,german
2627,2751,tritten,german
2628,2752,trumbauer,german
2629,2753,tschida,german
2630,2754,unkle,german
2631,2755,unruh,german
2632,2756,vieth,german
2633,2757,vogt,german
2634,2758,vogts,german
2635,2759,voigt,german
2636,2760,voigts,german
2637,2761,volk,german
2638,2762,von brandt,german
2639,2763,von essen,german
2640,2764,von grimmelshausen,german
2641,2765,von ingersleben,german
2642,2766,vonnegut,german
2643,2767,voss,german
2644,2768,wagner,german
2645,2769,wahner,german
2646,2770,walkenhorst,german
2647,2771,walther,german
2648,2772,waltz,german
2649,2773,waxweiler,german
2650,2774,weber,german
2651,2775,wechsler,german
2652,2776,wedekind,german
2653,2777,weeber,german
2654,2778,wehner,german
2655,2779,wehnert,german
2656,2780,wehunt,german
2657,2781,weigand,german
2658,2782,weimann,german
2659,2783,weiner,german
2660,2784,weiss,german
2661,2785,welter,german
2662,2786,wendel,german
2663,2787,wendell,german
2664,2788,werner,german
2665,2789,wernher,german
2666,2790,wetzel,german
2667,2791,wieck,german
2668,2792,wiegand,german
2669,2793,wildgrube,german
2670,2794,winkler,german
2671,2795,wirner,german
2672,2796,wirnhier,german
2673,2797,wirt,german
2674,2798,wirth,german
2675,2799,wolter,german
2676,2800,worner,german
2677,2801,wornhor,german
2678,2802,wruck,german
2679,2803,xylander,german
2680,2804,zellweger,german
2681,2805,zimmerman,german
2682,2806,zimmermann,german
2876,3023,ahearn,irish
2877,3024,ahearne,irish
2878,3025,beirne,irish
2879,3026,berne,irish
2880,3027,boyle,irish
2881,3028,braden,irish
2882,3029,brady,irish
2883,3030,brannon,irish
2884,3031,breen,irish
2885,3032,brennan,irish
2886,3033,brogan,irish
2887,3034,byrne,irish
2888,3035,byrnes,irish
2889,3036,callaghan,irish
2890,3037,callahan,irish
2891,3038,caomhanach,irish
2892,3039,carey,irish
2893,3040,carmody,irish
2894,3041,carran,irish
2895,3042,carroll,irish
2896,3043,cary,irish
2897,3044,casey,irish
2898,3045,cassidy,irish
2899,3046,cavan,irish
2900,3047,cavanagh,irish
2901,3048,cavanah,irish
2902,3049,cavanaugh,irish
2903,3050,cavey,irish
2904,3051,cleary,irish
2905,3052,clery,irish
2906,3053,cody,irish
2907,3054,coghlan,irish
2908,3055,connell,irish
2909,3056,connelly,irish
2910,3057,connolly,irish
2911,3058,connor,irish
2912,3059,cooney,irish
2913,3060,corcoran,irish
2914,3061,coughlan,irish
2915,3062,coughlin,irish
2916,3063,curran,irish
2917,3064,daley,irish
2918,3065,daly,irish
2919,3066,daugherty,irish
2920,3067,davin,irish
2921,3068,deasmhumhain,irish
2922,3069,deasun,irish
2923,3070,delany,irish
2924,3071,dempsey,irish
2925,3072,dermott,irish
2926,3073,desmond,irish
2927,3074,devlin,irish
2928,3075,doherty,irish
2929,3076,dolan,irish
2930,3077,donaghue,irish
2931,3078,donnell,irish
2932,3079,donnelly,irish
2933,3080,donoghue,irish
2934,3081,donohoe,irish
2935,3082,donohue,irish
2936,3083,donovan,irish
2937,3084,doran,irish
2938,3085,dougherty,irish
2939,3086,doyle,irish
2940,3087,driscoll,irish
2941,3088,duane,irish
2942,3089,durnin,irish
2943,3090,ennis,irish
2944,3091,fannon,irish
2945,3092,farrell,irish
2946,3093,finn,irish
2947,3094,finnegan,irish
2948,3095,finnin,irish
2949,3096,fitzgerald,irish
2950,3097,fitzpatrick,irish
2951,3098,fitzsimmons,irish
2952,3099,flanagan,irish
2953,3100,flanagon,irish
2954,3101,flynn,irish
2955,3102,foley,irish
2956,3103,friel,irish
2957,3104,fylan,irish
2958,3105,gallagher,irish
2959,3106,guinness,irish
2960,3107,halloran,irish
2961,3108,hanegan,irish
2962,3109,hanigan,irish
2963,3110,hannigan,irish
2964,3111,hannigen,irish
2965,3112,hearn,irish
2966,3113,heffernan,irish
2967,3114,hennessy,irish
2968,3115,hickey,irish
2969,3116,higgins,irish
2970,3117,hines,irish
2971,3118,hogan,irish
2972,3119,hynes,irish
2973,3120,kavanagh,irish
2974,3121,kavanah,irish
2975,3122,kavanaugh,irish
2976,3123,kearney,irish
2977,3124,keefe,irish
2978,3125,keegan,irish
2979,3126,kelley,irish
2980,3127,kennedy,irish
2981,3128,kilduff,irish
2982,3129,killough,irish
2983,3130,lannon,irish
2984,3131,leary,irish
2985,3132,lennon,irish
2986,3133,lynch,irish
2987,3134,mac an bhaird,irish
2988,3135,mac aodhagain,irish
2989,3136,mac branain,irish
2990,3137,macbride,irish
2991,3138,maccarrick,irish
2992,3139,maccarthy,irish
2993,3140,mac cleirich,irish
2994,3141,macclery,irish
2995,3142,mac cnaimhin,irish
2996,3143,mac conmara,irish
2997,3144,maccoughlan,irish
2998,3145,mac daibheid,irish
2999,3146,macdermott,irish
3000,3147,mac dhuibhinse,irish
3001,3148,mac diarmada,irish
3002,3149,mac ghabhann,irish
3003,3150,macginnis,irish
3004,3151,mac giolla bhrighde,irish
3005,3152,mac giolla dhuibh,irish
3006,3153,mac giolla eoin,irish
3007,3154,mac giolla fhaolain,irish
3008,3155,macgowan,irish
3009,3156,macguinness,irish
3010,3157,macguire,irish
3011,3158,mac maghnuis,irish
3012,3159,macmathan,irish
3013,3160,mac mathghamhna,irish
3014,3161,macnevin,irish
3015,3162,mac niadh,irish
3016,3163,mac niall,irish
3017,3164,mac sithigh,irish
3018,3165,mac uileagoid,irish
3019,3166,madden,irish
3020,3167,madigan,irish
3021,3168,mag aonghuis,irish
3022,3169,magorian,irish
3023,3170,mag shamhradhain,irish
3024,3171,mag uidhir,irish
3025,3172,maguire,irish
3026,3173,mahoney,irish
3027,3174,malley,irish
3028,3175,mallon,irish
3029,3176,malloye,irish
3030,3177,malone,irish
3031,3178,markey,irish
3032,3179,mcbride,irish
3033,3180,mccleary,irish
3034,3181,mccune,irish
3035,3182,mcdermott,irish
3036,3183,mcdevitt,irish
3037,3184,mcelligott,irish
3038,3185,mcginnis,irish
3039,3186,mcgovern,irish
3040,3187,mcgowan,irish
3041,3188,mcguinness,irish
3042,3189,mcguire,irish
3043,3190,mckowen,irish
3044,3191,mcmahon,irish
3045,3192,mcmanus,irish
3046,3193,mcnamara,irish
3047,3194,mcnee,irish
3048,3195,mcniall,irish
3049,3196,mcniven,irish
3050,3197,mcsheehy,irish
3051,3198,meaney,irish
3052,3199,mohan,irish
3053,3200,mollown,irish
3054,3201,molloy,irish
3055,3202,moloney,irish
3056,3203,monaghan,irish
3057,3204,monahan,irish
3058,3205,mooney,irish
3059,3206,moriarty,irish
3060,3207,mullane,irish
3061,3208,mullen,irish
3062,3209,mulligan,irish
3063,3210,mulloy,irish
3064,3211,mulrennan,irish
3065,3212,mulryan,irish
3066,3213,murdock,irish
3067,3214,murphy,irish
3068,3215,nolan,irish
3069,3216,o baoghill,irish
3070,3217,o'beirne,irish
3071,3218,o'berne,irish
3072,3219,o'boyle,irish
3073,3220,o bradaigh,irish
3074,3221,o bradain,irish
3075,3222,o braoin,irish
3076,3223,o braonain,irish
3077,3224,o briain,irish
3078,3225,o'brian,irish
3079,3226,o'brien,irish
3080,3227,o broin,irish
3081,3228,o buachalla,irish
3082,3229,o'byrne,irish
3083,3230,o caiside,irish
3084,3231,o'callaghan,irish
3085,3232,o caoimh,irish
3086,3233,o caoimhain,irish
3087,3234,o caoindealbhain,irish
3088,3235,o cathain,irish
3089,3236,o cathasaigh,irish
3090,3237,o ceallachain,irish
3091,3238,o ceallaigh,irish
3092,3239,o cearmada,irish
3093,3240,o ceithearnaigh,irish
3094,3241,o ciardha,irish
3095,3242,o cinneidigh,irish
3096,3243,o cleirigh,irish
3097,3244,o'clery,irish
3098,3245,o cnaimhin,irish
3099,3246,o cochlain,irish
3100,3247,o coigligh,irish
3101,3248,o coileain,irish
3102,3249,o conaill,irish
3103,3250,o conchobhair,irish
3104,3251,o conghalaigh,irish
3105,3252,o'connell,irish
3106,3253,o'connor,irish
3107,3254,o corcrain,irish
3108,3255,o corraidhin,irish
3109,3256,o cuana,irish
3110,3257,o cuidighthigh,irish
3111,3258,o cuilinn,irish
3112,3259,o cuinn,irish
3113,3260,o dalaigh,irish
3114,3261,o damhain,irish
3115,3262,o deorain,irish
3116,3263,o diomasaigh,irish
3117,3264,o dochartaigh,irish
3118,3265,o doibhilin,irish
3119,3266,o doirnain,irish
3120,3267,o domhnaill,irish
3121,3268,o donnchadha,irish
3122,3269,o donndubhain,irish
3123,3270,o'donnell,irish
3124,3271,o donnghaile,irish
3125,3272,o'doyle,irish
3126,3273,o dubhain,irish
3127,3274,o dubhghaill,irish
3128,3275,o dubhshlain,irish
3129,3276,o dubhshlaine,irish
3130,3277,o dubhthaigh,irish
3131,3278,o faolain,irish
3132,3279,o fearghail,irish
3133,3280,o fionnagain,irish
3134,3281,o fionnain,irish
3135,3282,o flannagain,irish
3136,3283,o floinn,irish
3137,3284,o foghladha,irish
3138,3285,o frighil,irish
3139,3286,o gallchobhair,irish
3140,3287,o gormain,irish
3141,3288,o'gorman,irish
3142,3289,o hallmhurain,irish
3143,3290,o'hanegan,irish
3144,3291,o'hanigan,irish
3145,3292,o'hannagain,irish
3146,3293,o hannagain,irish
3147,3294,o'hannagan,irish
3148,3295,o'hannegan,irish
3149,3296,o'hannigain,irish
3150,3297,o'hannigan,irish
3151,3298,o haodha,irish
3152,3299,o haonghuis,irish
3153,3300,o'hara,irish
3154,3301,o heachthighearna,irish
3155,3302,o heaghra,irish
3156,3303,o'hearn,irish
3157,3304,o heideain,irish
3158,3305,o heidhin,irish
3159,3306,o heidin,irish
3160,3307,o heidirsceoil,irish
3161,3308,o hicidhe,irish
3162,3309,o hifearnain,irish
3163,3310,o hogain,irish
3164,3311,o huiginn,irish
3165,3312,o'kane,irish
3166,3313,o'keefe,irish
3167,3314,o laoghaire,irish
3168,3315,o leannain,irish
3169,3316,o'leary,irish
3170,3317,o loingsigh,irish
3171,3318,o luain,irish
3172,3319,o madaidhin,irish
3173,3320,o maille,irish
3174,3321,o'malley,irish
3175,3322,o manachain,irish
3176,3323,o maoil eoin,irish
3177,3324,o maoil riain,irish
3178,3325,o maoilsheachlainn,irish
3179,3326,o maolain,irish
3180,3327,o maol aodha,irish
3181,3328,o maol dhomhnaigh,irish
3182,3329,o maolmhuaidh,irish
3183,3330,o maonaigh,irish
3184,3331,o marcaigh,irish
3185,3332,o mathghamhna,irish
3186,3333,o meadhra,irish
3187,3334,o meara,irish
3188,3335,o mochain,irish
3189,3336,o'mooney,irish
3190,3337,o muircheartach,irish
3191,3338,o muireadhaigh,irish
3192,3339,o murchadha,irish
3193,3340,o'neal,irish
3194,3341,o'neill,irish
3195,3342,o neill,irish
3196,3343,o'niall,irish
3197,3344,o nuallain,irish
3198,3345,o rabhartaigh,irish
3199,3346,o raghailligh,irish
3200,3347,o'reilly,irish
3201,3348,o riagain,irish
3202,3349,o riain,irish
3203,3350,o rinn,irish
3204,3351,orman,irish
3205,3352,ormond,irish
3206,3353,ormonde,irish
3207,3354,o rodagh,irish
3208,3355,o ruadhain,irish
3209,3356,o ruaidh,irish
3210,3357,o scolaidhe,irish
3211,3358,o seaghdha,irish
3212,3359,o seanain,irish
3213,3360,o seighin,irish
3214,3361,o'shea,irish
3215,3362,o sioda,irish
3216,3363,o sirideain,irish
3217,3364,o suaird,irish
3218,3365,o suileabhain,irish
3219,3366,o'sullivan,irish
3220,3367,o tadhgain,irish
3221,3368,o taidhg,irish
3222,3369,o tighearnaigh,irish
3223,3370,o'toole,irish
3224,3371,o treasaigh,irish
3225,3372,o tuathail,irish
3226,3373,quigg,irish
3227,3374,quigley,irish
3228,3375,quinlan,irish
3229,3376,quinn,irish
3230,3377,quirk,irish
3231,3378,quirke,irish
3232,3379,rafferty,irish
3233,3380,reagan,irish
3234,3381,regan,irish
3235,3382,reilly,irish
3236,3383,rowan,irish
3237,3384,ruane,irish
3238,3385,ryan,irish
3239,3386,scully,irish
3240,3387,shannon,irish
3241,3388,shea,irish
3242,3389,sheedy,irish
3243,3390,sheehy,irish
3244,3391,sheenan,irish
3245,3392,sheridan,irish
3246,3393,slane,irish
3247,3394,sloan,irish
3248,3395,sloane,irish
3249,3396,sullivan,irish
3250,3397,teagan,irish
3251,3398,tierney,irish
3252,3399,tighe,irish
3253,3400,toole,irish
3254,3401,treacy,irish
3255,3402,whalen,irish
3256,3403,whelan,irish
3257,3404,abano,italian
3258,3405,abatangelo,italian
3259,3406,abatantuono,italian
3260,3407,abate,italian
3261,3408,abategiovanni,italian
3262,3409,abatescianni,italian
3263,3410,abba,italian
3264,3411,abbadelli,italian
3265,3412,abbandonato,italian
3266,3413,abbascia,italian
3267,3414,abbatangelo,italian
3268,3415,abbatantuono,italian
3269,3416,abbate,italian
3270,3417,abbatelli,italian
3271,3418,abbaticchio,italian
3272,3419,abbiati,italian
3273,3420,abelli,italian
3274,3421,abrami,italian
3275,3422,abramo,italian
3276,3423,acardi,italian
3277,3424,accardi,italian
3278,3425,accardo,italian
3279,3426,acciai,italian
3280,3427,acciaio,italian
3281,3428,acciaioli,italian
3282,3429,acconci,italian
3283,3430,acconcio,italian
3284,3431,accorsi,italian
3285,3432,accorso,italian
3286,3433,accursio,italian
3287,3434,acerbi,italian
3288,3435,acone,italian
3289,3436,acqua,italian
3290,3437,acquafredda,italian
3291,3438,acquarone,italian
3292,3439,acquati,italian
3293,3440,adami,italian
3294,3441,adamo,italian
3295,3442,adamoli,italian
3296,3443,addario,italian
3297,3444,adelardi,italian
3298,3445,adesso,italian
3299,3446,adimari,italian
3300,3447,adriatico,italian
3301,3448,affini,italian
3302,3449,africani,italian
3303,3450,africano,italian
3304,3451,agani,italian
3305,3452,aggio,italian
3306,3453,agli,italian
3307,3454,agnelli,italian
3308,3455,agnellini,italian
3309,3456,agnusdei,italian
3310,3457,agosti,italian
3311,3458,agostini,italian
3312,3459,agresta,italian
3313,3460,agricola,italian
3314,3461,aiello,italian
3315,3462,aiolfi,italian
3316,3463,airaldi,italian
3317,3464,airo,italian
3318,3465,aita,italian
3319,3466,ajello,italian
3320,3467,alagona,italian
3321,3468,alamanni,italian
3322,3469,albanesi,italian
3323,3470,albani,italian
3324,3471,albano,italian
3325,3472,alberghi,italian
3326,3473,alberghini,italian
3327,3474,alberici,italian
3328,3475,alberighi,italian
3329,3476,albero,italian
3330,3477,albini,italian
3331,3478,albricci,italian
3332,3479,albrici,italian
3333,3480,aldebrandi,italian
3334,3481,alderisi,italian
3335,3482,alduino,italian
3336,3483,alemagna,italian
3337,3484,aleppo,italian
3338,3485,alesci,italian
3339,3486,alescio,italian
3340,3487,alesi,italian
3341,3488,alesini,italian
3342,3489,alesio,italian
3343,3490,alessandri,italian
3344,3491,alessi,italian
3345,3492,alfero,italian
3346,3493,aliberti,italian
3347,3494,alinari,italian
3348,3495,aliprandi,italian
3349,3496,allegri,italian
3350,3497,allegro,italian
3351,3498,alo,italian
3352,3499,aloi,italian
3353,3500,aloia,italian
3354,3501,aloisi,italian
3355,3502,altamura,italian
3356,3503,altimari,italian
3357,3504,altoviti,italian
3358,3505,alunni,italian
3359,3506,amadei,italian
3360,3507,amadori,italian
3361,3508,amalberti,italian
3362,3509,amantea,italian
3363,3510,amato,italian
3364,3511,amatore,italian
3365,3512,ambrogi,italian
3366,3513,ambrosi,italian
3367,3514,amerighi,italian
3368,3515,amoretto,italian
3369,3516,angioli,italian
3370,3517,ansaldi,italian
3371,3518,anselmetti,italian
3372,3519,anselmi,italian
3373,3520,antonelli,italian
3374,3521,antonini,italian
3375,3522,antonino,italian
3376,3523,aquila,italian
3377,3524,arbore,italian
3378,3525,ardiccioni,italian
3379,3526,ardizzone,italian
3380,3527,ardovini,italian
3381,3528,arena,italian
3382,3529,arlotti,italian
3383,3530,armani,italian
3384,3531,armati,italian
3385,3532,arnolfi,italian
3386,3533,arnoni,italian
3387,3534,arrighetti,italian
3388,3535,arrighi,italian
3389,3536,arrigucci,italian
3390,3537,azzara,italian
3391,3538,baggi,italian
3392,3539,baggio,italian
3393,3540,baglio,italian
3394,3541,bagni,italian
3395,3542,bagnoli,italian
3396,3543,balboni,italian
3397,3544,baldi,italian
3398,3545,baldini,italian
3399,3546,baldinotti,italian
3400,3547,baldovini,italian
3401,3548,bandini,italian
3402,3549,bandoni,italian
3403,3550,barbieri,italian
3404,3551,barone,italian
3405,3552,barsotti,italian
3406,3553,bartalotti,italian
3407,3554,bartolomei,italian
3408,3555,bartolomeo,italian
3409,3556,barzetti,italian
3410,3557,basile,italian
3411,3558,bassanelli,italian
3412,3559,bassani,italian
3413,3560,bassi,italian
3414,3561,basso,italian
3415,3562,battaglia,italian
3416,3563,bazzoli,italian
3417,3564,bellandi,italian
3418,3565,bellandini,italian
3419,3566,bellincioni,italian
3420,3567,bellini,italian
3421,3568,bellomi,italian
3422,3569,bellomo,italian
3423,3570,belloni,italian
3424,3571,belluomo,italian
3425,3572,bencivenni,italian
3426,3573,benedetti,italian
3427,3574,benenati,italian
3428,3575,benetton,italian
3429,3576,benini,italian
3430,3577,benvenuti,italian
3431,3578,berardi,italian
3432,3579,bergamaschi,italian
3433,3580,berti,italian
3434,3581,bertolini,italian
3435,3582,biagi,italian
3436,3583,biancardi,italian
3437,3584,bianchi,italian
3438,3585,bianco,italian
3439,3586,bicchieri,italian
3440,3587,biondi,italian
3441,3588,biondo,italian
3442,3589,boerio,italian
3443,3590,bologna,italian
3444,3591,bonaccorsi,italian
3445,3592,bonaccorso,italian
3446,3593,bonaventura,italian
3447,3594,bondesan,italian
3448,3595,bonomo,italian
3449,3596,borghi,italian
3450,3597,borgnino,italian
3451,3598,borgogni,italian
3452,3599,bosco,italian
3453,3600,bove,italian
3454,3601,boveri,italian
3455,3602,brambilla,italian
3456,3603,breda,italian
3457,3604,brioschi,italian
3458,3605,brivio,italian
3459,3606,brunetti,italian
3460,3607,bruno,italian
3461,3608,buffone,italian
3462,3609,bulgarelli,italian
3463,3610,bulgari,italian
3464,3611,buonarroti,italian
3465,3612,caiazzo,italian
3466,3613,caito,italian
3467,3614,caivano,italian
3468,3615,calabrese,italian
3469,3616,calligaris,italian
3470,3617,capitani,italian
3471,3618,carbone,italian
3472,3619,carboni,italian
3473,3620,carideo,italian
3474,3621,carlevaro,italian
3475,3622,carnevale,italian
3476,3623,carrara,italian
3477,3624,caruso,italian
3478,3625,casale,italian
3479,3626,cassano,italian
3480,3627,catalano,italian
3481,3628,cattaneo,italian
3482,3629,cavalcante,italian
3483,3630,cavallo,italian
3484,3631,cingolani,italian
3485,3632,cino,italian
3486,3633,cipriani,italian
3487,3634,cisternino,italian
3488,3635,coiro,italian
3489,3636,cola,italian
3490,3637,colombera,italian
3491,3638,colombo,italian
3492,3639,columbo,italian
3493,3640,como,italian
3494,3641,confortola,italian
3495,3642,conti,italian
3496,3643,corna,italian
3497,3644,corra,italian
3498,3645,corti,italian
3499,3646,corvi,italian
3500,3647,costantini,italian
3501,3648,costanzo,italian
3502,3649,cracchiolo,italian
3503,3650,cremaschi,italian
3504,3651,cremona,italian
3505,3652,cremonesi,italian
3506,3653,crespi,italian
3507,3654,croce,italian
3508,3655,crocetti,italian
3509,3656,cucinotta,italian
3510,3657,cuocco,italian
3511,3658,cuoco,italian
3512,3659,d'ambrosio,italian
3513,3660,damiani,italian
3514,3661,d'amore,italian
3515,3662,d'angelo,italian
3516,3663,d'antonio,italian
3517,3664,de angelis,italian
3518,3665,de campo,italian
3519,3666,de felice,italian
3520,3667,de filippis,italian
3521,3668,de fiore,italian
3522,3669,de laurentis,italian
3523,3670,de lorenzo,italian
3524,3671,de luca,italian
3525,3672,de palma,italian
3526,3673,de rege,italian
3527,3674,de santis,italian
3528,3675,de vitis,italian
3529,3676,de vito,italian
3530,3677,di antonio,italian
3531,3678,di caprio,italian
3532,3679,di mercurio,italian
3533,3680,di napoli,italian
3534,3681,dinapoli,italian
3535,3682,dioli,italian
3536,3683,di pasqua,italian
3537,3684,di pietro,italian
3538,3685,di stefano,italian
3539,3686,donati,italian
3540,3687,d'onofrio,italian
3541,3688,drago,italian
3542,3689,durante,italian
3543,3690,elena,italian
3544,3691,episcopo,italian
3545,3692,ermacora,italian
3546,3693,esposito,italian
3547,3694,evangelista,italian
3548,3695,fabbri,italian
3549,3696,fabbro,italian
3550,3697,falco,italian
3551,3698,faraldo,italian
3552,3699,farina,italian
3553,3700,farro,italian
3554,3701,fattore,italian
3555,3702,fausti,italian
3556,3703,fava,italian
3557,3704,favero,italian
3558,3705,fermi,italian
3559,3706,ferrara,italian
3560,3707,ferrari,italian
3561,3708,ferraro,italian
3562,3709,ferrero,italian
3563,3710,filippi,italian
3564,3711,fini,italian
3565,3712,fiore,italian
3566,3713,fiscella,italian
3567,3714,fonda,italian
3568,3715,fortunato,italian
3569,3716,franzese,italian
3570,3717,gabrielli,italian
3571,3718,gagliardi,italian
3572,3719,ganza,italian
3573,3720,garfagnini,italian
3574,3721,garofalo,italian
3575,3722,gaspari,italian
3576,3723,gatti,italian
3577,3724,genovese,italian
3578,3725,gentile,italian
3579,3726,germano,italian
3580,3727,giannino,italian
3581,3728,gimondi,italian
3582,3729,giordano,italian
3583,3730,gismondi,italian
3584,3731,giugovaz,italian
3585,3732,giunta,italian
3586,3733,goretti,italian
3587,3734,gori,italian
3588,3735,greco,italian
3589,3736,grillo,italian
3590,3737,grimaldi,italian
3591,3738,gronchi,italian
3592,3739,grossi,italian
3593,3740,grosso,italian
3594,3741,guarneri,italian
3595,3742,guerriero,italian
3596,3743,guidi,italian
3597,3744,guttuso,italian
3598,3745,idoni,italian
3599,3746,innocenti,italian
3600,3747,labriola,italian
3601,3748,laconi,italian
3602,3749,lagana,italian
3603,3750,lagomarsino,italian
3604,3751,lagorio,italian
3605,3752,laguardia,italian
3606,3753,lama,italian
3607,3754,lamberti,italian
3608,3755,lamon,italian
3609,3756,landi,italian
3610,3757,lando,italian
3611,3758,landolfi,italian
3612,3759,laterza,italian
3613,3760,laurito,italian
3614,3761,lazzari,italian
3615,3762,lecce,italian
3616,3763,leccese,italian
3617,3764,leggieri,italian
3618,3765,lemmi,italian
3619,3766,leone,italian
3620,3767,leoni,italian
3621,3768,lippi,italian
3622,3769,locatelli,italian
3623,3770,lombardi,italian
3624,3771,longo,italian
3625,3772,lupo,italian
3626,3773,luzzatto,italian
3627,3774,maestri,italian
3628,3775,magro,italian
3629,3776,mancini,italian
3630,3777,manco,italian
3631,3778,manfredi,italian
3632,3779,manfredonia,italian
3633,3780,mantovani,italian
3634,3781,marchegiano,italian
3635,3782,marchesi,italian
3636,3783,marchetti,italian
3637,3784,marchioni,italian
3638,3785,marconi,italian
3639,3786,mari,italian
3640,3787,mariani,italian
3641,3788,marmo,italian
3642,3789,martelli,italian
3643,3790,martinelli,italian
3644,3791,masi,italian
3645,3792,masin,italian
3646,3793,mazza,italian
3647,3794,messana,italian
3648,3795,micheli,italian
3649,3796,milani,italian
3650,3797,milano,italian
3651,3798,modugno,italian
3652,3799,mondadori,italian
3653,3800,mondo,italian
3654,3801,montagna,italian
3655,3802,montana,italian
3656,3803,montanari,italian
3657,3804,monte,italian
3658,3805,monti,italian
3659,3806,morandi,italian
3660,3807,morello,italian
3661,3808,moretti,italian
3662,3809,morra,italian
3663,3810,moschella,italian
3664,3811,mosconi,italian
3665,3812,motta,italian
3666,3813,muggia,italian
3667,3814,muraro,italian
3668,3815,murgia,italian
3669,3816,murtas,italian
3670,3817,nacar,italian
3671,3818,naggi,italian
3672,3819,naggia,italian
3673,3820,naldi,italian
3674,3821,nana,italian
3675,3822,nani,italian
3676,3823,nanni,italian
3677,3824,nannini,italian
3678,3825,napoleoni,italian
3679,3826,napoletani,italian
3680,3827,napoli,italian
3681,3828,napoliello,italian
3682,3829,nardi,italian
3683,3830,nardo,italian
3684,3831,nardovino,italian
3685,3832,nasato,italian
3686,3833,nascimbene,italian
3687,3834,nascimbeni,italian
3688,3835,natale,italian
3689,3836,nave,italian
3690,3837,nazario,italian
3691,3838,necchi,italian
3692,3839,negri,italian
3693,3840,negrini,italian
3694,3841,nelli,italian
3695,3842,nenci,italian
3696,3843,nepi,italian
3697,3844,neri,italian
3698,3845,neroni,italian
3699,3846,nervetti,italian
3700,3847,nervi,italian
3701,3848,nespola,italian
3702,3849,nicastro,italian
3703,3850,nicchi,italian
3704,3851,nicodemo,italian
3705,3852,nicolai,italian
3706,3853,nicolosi,italian
3707,3854,nicosia,italian
3708,3855,nicotera,italian
3709,3856,nieddu,italian
3710,3857,nieri,italian
3711,3858,nigro,italian
3712,3859,nisi,italian
3713,3860,nizzola,italian
3714,3861,noschese,italian
3715,3862,notaro,italian
3716,3863,notoriano,italian
3717,3864,oberti,italian
3718,3865,oberto,italian
3719,3866,ongaro,italian
3720,3867,orlando,italian
3721,3868,orsini,italian
3722,3869,pace,italian
3723,3870,padovan,italian
3724,3871,padovano,italian
3725,3872,pagani,italian
3726,3873,pagano,italian
3727,3874,palladino,italian
3728,3875,palmisano,italian
3729,3876,palumbo,italian
3730,3877,panzavecchia,italian
3731,3878,parisi,italian
3732,3879,parma,italian
3733,3880,parodi,italian
3734,3881,parri,italian
3735,3882,parrino,italian
3736,3883,passerini,italian
3737,3884,pastore,italian
3738,3885,pavesi,italian
3739,3886,pavone,italian
3740,3887,pavoni,italian
3741,3888,pecora,italian
3742,3889,pedrotti,italian
3743,3890,pellegrino,italian
3744,3891,perugia,italian
3745,3892,pesaresi,italian
3746,3893,pesaro,italian
3747,3894,pesce,italian
3748,3895,petri,italian
3749,3896,pherigo,italian
3750,3897,piazza,italian
3751,3898,piccirillo,italian
3752,3899,piccoli,italian
3753,3900,pierno,italian
3754,3901,pietri,italian
3755,3902,pini,italian
3756,3903,piovene,italian
3757,3904,piraino,italian
3758,3905,pisani,italian
3759,3906,pittaluga,italian
3760,3907,poggi,italian
3761,3908,poggio,italian
3762,3909,poletti,italian
3763,3910,pontecorvo,italian
3764,3911,portelli,italian
3765,3912,porto,italian
3766,3913,portoghese,italian
3767,3914,potenza,italian
3768,3915,pozzi,italian
3769,3916,profeta,italian
3770,3917,prosdocimi,italian
3771,3918,provenza,italian
3772,3919,provenzano,italian
3773,3920,pugliese,italian
3774,3921,quaranta,italian
3775,3922,quattrocchi,italian
3776,3923,ragno,italian
3777,3924,raimondi,italian
3778,3925,rais,italian
3779,3926,raneri,italian
3780,3927,rao,italian
3781,3928,rapallino,italian
3782,3929,ratti,italian
3783,3930,ravenna,italian
3784,3931,re,italian
3785,3932,ricchetti,italian
3786,3933,ricci,italian
3787,3934,riggi,italian
3788,3935,righi,italian
3789,3936,rinaldi,italian
3790,3937,riva,italian
3791,3938,rizzo,italian
3792,3939,robustelli,italian
3793,3940,rocca,italian
3794,3941,rocchi,italian
3795,3942,rocco,italian
3796,3943,roma,italian
3797,3944,romagna,italian
3798,3945,romagnoli,italian
3799,3946,romano,italian
3800,3947,roncalli,italian
3801,3948,ronchi,italian
3802,3949,rosa,italian
3803,3950,rossi,italian
3804,3951,rossini,italian
3805,3952,rotolo,italian
3806,3953,rovigatti,italian
3807,3954,ruggeri,italian
3808,3955,russo,italian
3809,3956,rustici,italian
3810,3957,ruzzier,italian
3811,3958,sabbadin,italian
3812,3959,sacco,italian
3813,3960,salucci,italian
3814,3961,salvaggi,italian
3815,3962,salvai,italian
3816,3963,salvail,italian
3817,3964,salvatici,italian
3818,3965,salvay,italian
3819,3966,sansone,italian
3820,3967,santini,italian
3821,3968,santo,italian
3822,3969,santoro,italian
3823,3970,sapienti,italian
3824,3971,sarno,italian
3825,3972,sarti,italian
3826,3973,sartini,italian
3827,3974,sarto,italian
3828,3975,savona,italian
3829,3976,scarpa,italian
3830,3977,scarsi,italian
3831,3978,scavo,italian
3832,3979,sciacca,italian
3833,3980,sciacchitano,italian
3834,3981,sciarra,italian
3835,3982,scola,italian
3836,3983,scordato,italian
3837,3984,scotti,italian
3838,3985,scutese,italian
3839,3986,sebastiani,italian
3840,3987,sebastino,italian
3841,3988,segreti,italian
3842,3989,selmone,italian
3843,3990,selvaggio,italian
3844,3991,serafini,italian
3845,3992,serpico,italian
3846,3993,sessa,italian
3847,3994,sgro,italian
3848,3995,siena,italian
3849,3996,silvestri,italian
3850,3997,sinagra,italian
3851,3998,soldati,italian
3852,3999,somma,italian
3853,4000,sordi,italian
3854,4001,soriano,italian
3855,4002,sorrentino,italian
3856,4003,spada,italian
3857,4004,spano,italian
3858,4005,sparacello,italian
3859,4006,speziale,italian
3860,4007,spini,italian
3861,4008,stabile,italian
3862,4009,stablum,italian
3863,4010,stilo,italian
3864,4011,tafani,italian
3865,4012,tamaro,italian
3866,4013,tamboia,italian
3867,4014,tanzi,italian
3868,4015,tarantino,italian
3869,4016,taverna,italian
3870,4017,tedesco,italian
3871,4018,terranova,italian
3872,4019,terzi,italian
3873,4020,tessaro,italian
3874,4021,testa,italian
3875,4022,tiraboschi,italian
3876,4023,tivoli,italian
3877,4024,todaro,italian
3878,4025,toloni,italian
3879,4026,tornincasa,italian
3880,4027,toselli,italian
3881,4028,tosetti,italian
3882,4029,tosi,italian
3883,4030,tosto,italian
3884,4031,trapani,italian
3885,4032,traversa,italian
3886,4033,traversi,italian
3887,4034,traversini,italian
3888,4035,traverso,italian
3889,4036,trucco,italian
3890,4037,tumicelli,italian
3891,4038,turati,italian
3892,4039,turchi,italian
3893,4040,uberti,italian
3894,4041,uccello,italian
3895,4042,uggeri,italian
3896,4043,ughi,italian
3897,4044,ungaretti,italian
3898,4045,ungaro,italian
3899,4046,vacca,italian
3900,4047,vaccaro,italian
3901,4048,valenti,italian
3902,4049,valentini,italian
3903,4050,valerio,italian
3904,4051,varano,italian
3905,4052,ventimiglia,italian
3906,4053,verona,italian
3907,4054,veronesi,italian
3908,4055,vescovi,italian
3909,4056,vespa,italian
3910,4057,vestri,italian
3911,4058,vico,italian
3912,4059,vigo,italian
3913,4060,vinci,italian
3914,4061,viola,italian
3915,4062,vitali,italian
3916,4063,voltolini,italian
3917,4064,zanetti,italian
3918,4065,zangari,italian
3919,4066,zappa,italian
3920,4067,zeni,italian
3921,4068,zini,italian
3922,4069,zino,italian
3923,4070,zunino,italian
